layer,timestep,t_abs,s1_oxy,s2_ctemp,s5_power
0,0,0.0,0.17098,88.3413,149.134
0,1,0.02564,0.17084,88.59,152.778
0,2,0.05128,0.166973,89.9026,150.7737
0,3,0.07692,0.170877,88.9558,147.7539
0,4,0.10256,0.174725,88.8028,150.1387
0,5,0.12821,0.166007,86.9693,145.8292
0,6,0.15385,0.173226,89.1743,150.4447
0,7,0.17949,0.171006,88.3102,156.2107
0,8,0.20513,0.168724,91.5296,143.5209
0,9,0.23077,0.176649,90.5036,141.6637
0,10,0.25641,0.172935,89.1491,148.0948
0,11,0.28205,0.16705,90.5342,147.976
0,12,0.30769,0.170872,88.5177,147.9002
0,13,0.33333,0.172378,91.3016,143.5438
0,14,0.35897,0.170082,89.1866,150.81
0,15,0.38462,0.172697,90.3642,156.5904
0,16,0.41026,0.170449,86.6156,145.0322
0,17,0.4359,0.17265,89.8907,150.121
0,18,0.46154,0.174964,85.821,140.3718
0,19,0.48718,0.168621,85.1267,142.3467
0,20,0.51282,0.171258,88.5884,137.1189
0,21,0.53846,0.169258,87.3975,145.0636
0,22,0.5641,0.17103,89.5255,137.7819
0,23,0.58974,0.167087,93.6869,146.7834
0,24,0.61538,0.16891,87.5339,146.7752
0,25,0.64103,0.17006,87.9495,146.1461
0,26,0.66667,0.173345,89.6082,134.0261
0,27,0.69231,0.174084,90.1834,147.7534
0,28,0.71795,0.166678,88.8446,152.1276
0,29,0.74359,0.168264,88.7855,153.7773
0,30,0.76923,0.172589,90.6023,143.6859
0,31,0.79487,0.164671,90.2372,148.9126
0,32,0.82051,0.169259,87.13,144.2128
0,33,0.84615,0.170356,89.039,143.3163
0,34,0.87179,0.174419,89.268,152.8395
0,35,0.89744,0.172716,87.0884,140.5413
0,36,0.92308,0.169667,89.7171,144.9607
0,37,0.94872,0.169542,87.4815,151.141
0,38,0.97436,0.169898,91.1415,143.7661
0,39,1.0,0.175219,89.5829,148.4564
1,0,1.05,0.11894,89.7632,135.6953
1,1,1.07564,0.123518,92.7737,129.7065
1,2,1.10128,0.113358,92.5049,131.9283
1,3,1.12692,0.12067,89.4547,136.2298
1,4,1.15256,0.123712,86.5206,133.4599
1,5,1.17821,0.115862,88.8163,138.8333
1,6,1.20385,0.12089,90.5326,121.0131
1,7,1.22949,0.11689,92.2603,131.4667
1,8,1.25513,0.121243,90.28,124.916
1,9,1.28077,0.117646,88.9966,131.0925
1,10,1.30641,0.121916,93.835,130.6631
1,11,1.33205,0.117309,90.5053,129.1374
1,12,1.35769,0.117129,90.0796,121.9555
1,13,1.38333,0.117752,91.1717,123.9533
1,14,1.40897,0.115739,86.4344,129.9326
1,15,1.43462,0.122901,92.0748,127.453
1,16,1.46026,0.120625,86.2025,119.6917
1,17,1.4859,0.122422,88.9838,122.1919
1,18,1.51154,0.121907,86.1889,131.7452
1,19,1.53718,0.122762,88.1486,121.6672
1,20,1.56282,0.115373,91.8781,124.1252
1,21,1.58846,0.119693,93.4193,124.1839
1,22,1.6141,0.118207,92.0222,114.7719
1,23,1.63974,0.118709,91.4068,120.4039
1,24,1.66538,0.11869,86.4664,131.4698
1,25,1.69103,0.114014,94.8042,133.1814
1,26,1.71667,0.11431,90.0715,129.7637
1,27,1.74231,0.111969,92.046,131.7423
1,28,1.76795,0.121893,92.049,128.6952
1,29,1.79359,0.118417,91.9649,131.0701
1,30,1.81923,0.116043,87.8726,135.3824
1,31,1.84487,0.118821,90.3035,120.3889
1,32,1.87051,0.116051,91.7804,125.2489
1,33,1.89615,0.115672,88.4233,123.8639
1,34,1.92179,0.117291,90.7712,129.053
1,35,1.94744,0.117603,89.6069,116.8833
1,36,1.97308,0.115696,86.5327,134.2398
1,37,1.99872,0.11486,90.4921,119.3053
1,38,2.02436,0.118551,90.0011,137.1924
1,39,2.05,0.126203,93.4495,126.7225
2,0,2.1,0.106398,89.391,208.7071
2,1,2.12564,0.102348,87.7773,208.3117
2,2,2.15128,0.101561,90.1461,223.6834
2,3,2.17692,0.09976,89.1132,202.4233
2,4,2.20256,0.103023,88.8564,198.592
2,5,2.22821,0.098485,90.2444,213.3286
2,6,2.25385,0.101475,89.547,211.2332
2,7,2.27949,0.100742,86.5566,200.1801
2,8,2.30513,0.101957,88.2929,201.2803
2,9,2.33077,0.095676,87.7615,198.6177
2,10,2.35641,0.096236,88.6483,203.71
2,11,2.38205,0.096038,89.3259,198.5623
2,12,2.40769,0.095001,87.8741,206.8241
2,13,2.43333,0.096028,85.9799,208.6856
2,14,2.45897,0.097067,88.6253,205.3095
2,15,2.48462,0.09944,87.4643,205.3099
2,16,2.51026,0.099725,89.8921,215.0456
2,17,2.5359,0.102351,88.6686,210.979
2,18,2.56154,0.099855,87.4614,217.1896
2,19,2.58718,0.101306,86.9144,202.8525
2,20,2.61282,0.10598,85.9219,204.2356
2,21,2.63846,0.095519,81.8544,199.0281
2,22,2.6641,0.101656,89.5841,202.3399
2,23,2.68974,0.095207,87.7449,204.0622
2,24,2.71538,0.100441,88.7516,200.2236
2,25,2.74103,0.101447,89.4551,206.8266
2,26,2.76667,0.100132,85.8128,209.0619
2,27,2.79231,0.099631,86.5379,209.2484
2,28,2.81795,0.096138,87.3815,203.5214
2,29,2.84359,0.100611,87.9763,202.8175
2,30,2.86923,0.096483,88.165,209.0828
2,31,2.89487,0.100193,87.949,207.7224
2,32,2.92051,0.098948,87.3217,208.1854
2,33,2.94615,0.091512,89.853,206.822
2,34,2.97179,0.10421,86.3955,200.7014
2,35,2.99744,0.101944,88.0382,204.3752
2,36,3.02308,0.098232,84.221,191.923
2,37,3.04872,0.101741,87.4397,194.4611
2,38,3.07436,0.102574,89.3504,199.5363
2,39,3.1,0.098132,87.0539,193.6708
3,0,3.15,0.011072,80.4107,152.6993
3,1,3.17564,0.008063,77.4387,163.242
3,2,3.20128,0.009737,83.5,167.6216
3,3,3.22692,0.016719,81.3693,166.8793
3,4,3.25256,0.010661,82.1076,157.6164
3,5,3.27821,0.010292,77.7769,168.7231
3,6,3.30385,0.013192,81.4891,164.8106
3,7,3.32949,0.013709,80.3933,162.9172
3,8,3.35513,0.015408,83.5761,161.4625
3,9,3.38077,0.008405,78.041,162.5306
3,10,3.40641,0.015358,81.8877,169.1316
3,11,3.43205,0.009576,83.2932,152.6837
3,12,3.45769,0.006495,78.7974,158.069
3,13,3.48333,0.007183,81.4003,170.17
3,14,3.50897,0.013293,79.0133,153.4756
3,15,3.53462,0.012257,81.2684,164.89
3,16,3.56026,0.013817,81.8483,159.4807
3,17,3.5859,0.007204,83.8159,163.2657
3,18,3.61154,0.00895,81.5183,165.1456
3,19,3.63718,0.006377,79.8027,149.0152
3,20,3.66282,0.004043,82.3338,152.7325
3,21,3.68846,0.009916,81.1871,148.5593
3,22,3.7141,0.014718,83.3423,154.518
3,23,3.73974,0.013306,79.9721,151.5407
3,24,3.76538,0.007638,83.8554,165.4433
3,25,3.79103,0.013472,81.5198,154.1667
3,26,3.81667,0.008239,81.6673,169.9267
3,27,3.84231,0.010906,83.1896,159.066
3,28,3.86795,0.012451,80.1225,164.565
3,29,3.89359,0.008747,80.1604,163.8545
3,30,3.91923,0.007316,82.1981,163.4538
3,31,3.94487,0.011919,81.0142,155.534
3,32,3.97051,0.009438,81.276,162.6101
3,33,3.99615,0.008314,80.3722,160.9907
3,34,4.02179,0.011873,80.5666,158.4191
3,35,4.04744,0.009325,82.9071,159.633
3,36,4.07308,0.011118,85.1037,150.7583
3,37,4.09872,0.007073,78.4226,154.5672
3,38,4.12436,0.012142,84.2114,153.8163
3,39,4.15,0.00713,82.6599,149.4196
4,0,4.2,0.022705,86.1553,175.6085
4,1,4.22564,0.027399,82.9207,185.3754
4,2,4.25128,0.024064,82.0501,175.6708
4,3,4.27692,0.023396,82.0102,177.4609
4,4,4.30256,0.023824,80.7616,191.6561
4,5,4.32821,0.023916,80.7612,184.3379
4,6,4.35385,0.01964,78.4272,175.1749
4,7,4.37949,0.024134,81.329,179.8875
4,8,4.40513,0.020745,81.8209,172.8634
4,9,4.43077,0.022022,82.5855,172.7486
4,10,4.45641,0.023117,81.6306,174.4818
4,11,4.48205,0.02603,82.2269,165.045
4,12,4.50769,0.021368,83.1504,165.8934
4,13,4.53333,0.021278,83.6066,175.7259
4,14,4.55897,0.018727,85.4245,193.7122
4,15,4.58462,0.024891,83.3592,187.1453
4,16,4.61026,0.022788,80.841,177.0057
4,17,4.6359,0.023134,81.4836,164.6986
4,18,4.66154,0.019897,79.6449,190.9636
4,19,4.68718,0.025435,80.8103,174.5978
4,20,4.71282,0.024794,81.225,176.3654
4,21,4.73846,0.023102,84.6131,172.2093
4,22,4.7641,0.019061,81.7487,174.0807
4,23,4.78974,0.022497,82.9243,168.6161
4,24,4.81538,0.020917,80.1929,180.7824
4,25,4.84103,0.017997,81.6623,167.8251
4,26,4.86667,0.018696,78.9767,173.7475
4,27,4.89231,0.024564,82.8763,182.018
4,28,4.91795,0.020338,85.1281,185.3565
4,29,4.94359,0.017975,83.3839,190.9171
4,30,4.96923,0.022335,81.4091,189.7272
4,31,4.99487,0.024617,80.6396,181.2873
4,32,5.02051,0.02584,82.3594,169.3662
4,33,5.04615,0.018727,82.5734,174.2731
4,34,5.07179,0.021426,86.8052,172.2322
4,35,5.09744,0.024632,78.6792,173.5458
4,36,5.12308,0.022058,80.1027,172.2503
4,37,5.14872,0.023434,82.0701,172.99
4,38,5.17436,0.0185,80.9841,174.2376
4,39,5.2,0.018723,84.3312,183.8724
5,0,5.25,0.168945,80.6491,193.3447
5,1,5.27564,0.162834,83.3693,190.1198
5,2,5.30128,0.164269,76.3816,195.2248
5,3,5.32692,0.160594,78.1915,186.5092
5,4,5.35256,0.164927,80.7334,194.5644
5,5,5.37821,0.165121,81.2273,198.245
5,6,5.40385,0.162764,80.3518,193.6159
5,7,5.42949,0.164705,81.6779,199.7225
5,8,5.45513,0.162831,78.9899,192.8072
5,9,5.48077,0.163602,80.8692,179.7815
5,10,5.50641,0.16486,82.7681,178.2289
5,11,5.53205,0.161395,81.4152,187.5563
5,12,5.55769,0.162244,81.2019,185.8292
5,13,5.58333,0.162372,78.5001,187.8279
5,14,5.60897,0.162765,81.3446,195.455
5,15,5.63462,0.164077,80.9684,191.7866
5,16,5.66026,0.163325,80.5735,181.6674
5,17,5.6859,0.16473,84.3572,194.382
5,18,5.71154,0.162594,83.0435,194.2738
5,19,5.73718,0.162392,80.9584,189.48
5,20,5.76282,0.163614,81.1688,185.2977
5,21,5.78846,0.16078,79.2059,192.3642
5,22,5.8141,0.159881,78.3335,191.0365
5,23,5.83974,0.161668,83.3895,184.0187
5,24,5.86538,0.162595,79.1641,178.1176
5,25,5.89103,0.163863,79.2571,188.9961
5,26,5.91667,0.160523,82.9519,187.6499
5,27,5.94231,0.163982,77.6481,194.4941
5,28,5.96795,0.158734,81.207,188.3516
5,29,5.99359,0.161749,81.4818,193.0127
5,30,6.01923,0.162765,78.5004,203.3638
5,31,6.04487,0.167049,83.1055,194.5862
5,32,6.07051,0.16462,80.1337,200.5626
5,33,6.09615,0.171732,79.2925,178.9241
5,34,6.12179,0.156418,82.7598,177.1382
5,35,6.14744,0.166652,80.3413,192.3626
5,36,6.17308,0.162331,82.8077,185.0456
5,37,6.19872,0.164179,81.1824,183.1155
5,38,6.22436,0.160429,80.2922,191.6744
5,39,6.25,0.159543,81.8203,183.0269
6,0,6.3,0.015754,86.2055,152.2043
6,1,6.32564,0.014387,85.9951,154.8887
6,2,6.35128,0.015593,88.5686,160.2336
6,3,6.37692,0.019049,87.4095,157.546
6,4,6.40256,0.011247,88.9926,153.8297
6,5,6.42821,0.007344,91.7286,161.2322
6,6,6.45385,0.013872,85.72,161.2604
6,7,6.47949,0.011209,86.8519,164.6809
6,8,6.50513,0.018966,86.9966,159.1212
6,9,6.53077,0.014342,89.9471,151.5167
6,10,6.55641,0.018922,90.6928,150.0744
6,11,6.58205,0.010553,88.3276,149.6581
6,12,6.60769,0.011846,89.1077,152.5445
6,13,6.63333,0.010878,88.437,147.293
6,14,6.65897,0.01164,88.3347,153.8444
6,15,6.68462,0.012636,85.5178,152.1555
6,16,6.71026,0.011898,90.1663,156.0556
6,17,6.7359,0.013904,87.5133,155.1175
6,18,6.76154,0.013799,90.2253,158.902
6,19,6.78718,0.014779,87.3458,146.1887
6,20,6.81282,0.013033,86.7338,152.477
6,21,6.83846,0.012412,87.105,139.5222
6,22,6.8641,0.014117,85.9416,153.3652
6,23,6.88974,0.010457,86.9727,152.7796
6,24,6.91538,0.010902,86.607,151.3007
6,25,6.94103,0.016781,90.486,150.3724
6,26,6.96667,0.018335,85.1018,161.6192
6,27,6.99231,0.013921,88.8668,160.961
6,28,7.01795,0.005917,89.1248,150.8814
6,29,7.04359,0.017761,89.007,149.3397
6,30,7.06923,0.012444,86.2905,152.2779
6,31,7.09487,0.018038,88.2702,158.5997
6,32,7.12051,0.011792,89.706,151.0569
6,33,7.14615,0.011422,87.3936,146.3869
6,34,7.17179,0.014028,90.1157,152.5292
6,35,7.19744,0.009378,88.8758,142.9952
6,36,7.22308,0.020643,85.1799,159.5938
6,37,7.24872,0.009971,84.5244,136.5531
6,38,7.27436,0.013934,91.4394,143.7971
6,39,7.3,0.011384,87.5406,157.3468
7,0,7.35,0.092327,90.8666,179.6669
7,1,7.37564,0.089819,91.7375,183.0193
7,2,7.40128,0.092943,93.689,180.7374
7,3,7.42692,0.086021,94.1313,177.1305
7,4,7.45256,0.087568,90.4018,188.4782
7,5,7.47821,0.088107,91.4697,183.454
7,6,7.50385,0.091069,88.9633,182.8391
7,7,7.52949,0.089652,90.3347,177.2049
7,8,7.55513,0.087779,91.687,187.3052
7,9,7.58077,0.092753,88.7654,184.1244
7,10,7.60641,0.087644,89.5153,188.3242
7,11,7.63205,0.091601,90.8603,184.0207
7,12,7.65769,0.090533,90.4616,180.3439
7,13,7.68333,0.089674,89.5322,179.7952
7,14,7.70897,0.090164,90.3519,166.7984
7,15,7.73462,0.091546,92.8346,190.1903
7,16,7.76026,0.09107,86.244,195.3237
7,17,7.7859,0.091039,89.9718,185.9658
7,18,7.81154,0.093292,91.5125,180.5027
7,19,7.83718,0.09535,90.1703,188.0976
7,20,7.86282,0.08992,89.814,176.237
7,21,7.88846,0.08957,89.0091,185.5595
7,22,7.9141,0.08873,90.3798,168.2178
7,23,7.93974,0.090315,93.0025,181.1358
7,24,7.96538,0.090042,90.1359,176.0855
7,25,7.99103,0.092755,90.1673,181.6363
7,26,8.01667,0.094088,88.5728,177.5576
7,27,8.04231,0.087294,86.4757,185.7665
7,28,8.06795,0.088265,90.9127,194.7653
7,29,8.09359,0.088846,91.2409,190.9805
7,30,8.11923,0.088515,89.1438,181.1585
7,31,8.14487,0.089339,87.9958,187.4097
7,32,8.17051,0.092868,91.1403,180.8408
7,33,8.19615,0.088459,91.5963,176.0628
7,34,8.22179,0.089127,93.6118,180.3312
7,35,8.24744,0.08443,90.5073,175.7282
7,36,8.27308,0.094508,91.724,173.5991
7,37,8.29872,0.08632,90.8075,175.3886
7,38,8.32436,0.088561,88.5286,190.0492
7,39,8.35,0.08275,91.454,176.685
8,0,8.4,0.012334,85.9288,279.967
8,1,8.42564,0.016583,89.0124,271.6877
8,2,8.45128,0.012584,89.7271,280.4552
8,3,8.47692,0.015139,84.0208,272.5693
8,4,8.50256,0.01186,83.9691,283.9177
8,5,8.52821,0.013623,87.5614,280.9853
8,6,8.55385,0.007329,84.9958,275.2947
8,7,8.57949,0.013915,86.6794,266.229
8,8,8.60513,0.013152,89.8122,280.0193
8,9,8.63077,0.013651,91.3333,258.57
8,10,8.65641,0.01066,87.9483,285.4216
8,11,8.68205,0.014268,84.6503,274.3478
8,12,8.70769,0.011453,86.236,277.4283
8,13,8.73333,0.006785,88.2291,284.0525
8,14,8.75897,0.014728,88.178,274.294
8,15,8.78462,0.015046,84.659,283.8124
8,16,8.81026,0.009863,89.3581,280.279
8,17,8.8359,0.013477,85.0677,283.7476
8,18,8.86154,0.011176,85.8765,273.618
8,19,8.88718,0.014216,84.6991,270.6546
8,20,8.91282,0.012304,86.3154,270.9042
8,21,8.93846,0.012882,85.4453,269.0377
8,22,8.9641,0.012294,87.1978,272.9078
8,23,8.98974,0.014177,88.3836,275.8887
8,24,9.01538,0.011721,90.0067,282.1074
8,25,9.04103,0.009124,82.2305,265.0118
8,26,9.06667,0.009966,84.777,276.7989
8,27,9.09231,0.01384,87.5007,288.9086
8,28,9.11795,0.008545,87.3195,280.2014
8,29,9.14359,0.011856,86.5188,272.8668
8,30,9.16923,0.012744,89.8431,274.207
8,31,9.19487,0.017816,86.5485,284.5892
8,32,9.22051,0.018499,85.3961,269.1631
8,33,9.24615,0.015853,88.7783,276.8214
8,34,9.27179,0.013261,85.5236,264.365
8,35,9.29744,0.009333,88.7433,264.4868
8,36,9.32308,0.018301,89.0413,259.3075
8,37,9.34872,0.010999,88.1345,273.1779
8,38,9.37436,0.015436,87.8849,281.594
8,39,9.4,0.01196,85.6765,270.5228
9,0,9.45,0.131212,85.9691,229.2171
9,1,9.47564,0.133153,85.9609,227.2359
9,2,9.50128,0.130056,89.4125,237.2832
9,3,9.52692,0.126841,88.7422,231.2942
9,4,9.55256,0.129243,89.5953,226.1845
9,5,9.57821,0.125418,90.8909,239.5538
9,6,9.60385,0.129972,93.9124,223.3954
9,7,9.62949,0.127891,86.1459,223.08
9,8,9.65513,0.129229,89.7696,221.8967
9,9,9.68077,0.126381,91.2281,216.927
9,10,9.70641,0.133202,87.4497,232.5598
9,11,9.73205,0.130296,87.2172,220.5579
9,12,9.75769,0.128462,88.7762,222.5656
9,13,9.78333,0.133076,87.961,219.8826
9,14,9.80897,0.124611,86.8319,221.1975
9,15,9.83462,0.125298,87.3469,221.8195
9,16,9.86026,0.129995,88.7375,225.6328
9,17,9.8859,0.127023,87.3204,223.5212
9,18,9.91154,0.130068,90.3172,230.6603
9,19,9.93718,0.129845,88.5386,226.1397
9,20,9.96282,0.130319,86.8701,218.1964
9,21,9.98846,0.135783,86.1936,227.8785
9,22,10.0141,0.126218,89.8005,223.8598
9,23,10.03974,0.128724,87.8576,224.2446
9,24,10.06538,0.125325,89.004,217.8066
9,25,10.09103,0.124115,89.6784,225.1436
9,26,10.11667,0.127138,89.9285,223.7407
9,27,10.14231,0.131327,83.5686,224.9116
9,28,10.16795,0.123145,87.6259,220.8916
9,29,10.19359,0.133516,89.6986,227.5604
9,30,10.21923,0.127341,88.6398,231.5897
9,31,10.24487,0.127036,91.8349,228.7806
9,32,10.27051,0.127851,88.6742,220.7118
9,33,10.29615,0.125668,87.136,232.2882
9,34,10.32179,0.123431,84.2771,218.5119
9,35,10.34744,0.127432,88.8013,222.7168
9,36,10.37308,0.129718,84.9882,218.0587
9,37,10.39872,0.134606,89.2878,217.3412
9,38,10.42436,0.127708,91.5645,225.6974
9,39,10.45,0.131123,90.5802,219.9644
10,0,10.5,0.021838,80.6479,171.2285
10,1,10.52564,0.017502,81.879,174.4255
10,2,10.55128,0.023019,82.3279,187.9433
10,3,10.57692,0.020472,83.2303,183.871
10,4,10.60256,0.022663,81.1548,182.2379
10,5,10.62821,0.021404,82.5282,187.4596
10,6,10.65385,0.014251,79.582,186.8908
10,7,10.67949,0.02349,81.2449,167.3946
10,8,10.70513,0.020546,82.6733,174.0971
10,9,10.73077,0.018314,82.781,171.5803
10,10,10.75641,0.021441,79.1815,163.4859
10,11,10.78205,0.025454,84.8262,178.4325
10,12,10.80769,0.016752,81.8405,169.5216
10,13,10.83333,0.023464,81.504,183.2575
10,14,10.85897,0.026108,84.8046,174.8462
10,15,10.88462,0.01698,82.3494,188.1222
10,16,10.91026,0.023913,82.3266,183.6568
10,17,10.9359,0.020534,81.6771,185.8033
10,18,10.96154,0.019937,79.2926,180.7086
10,19,10.98718,0.020883,82.79,172.2435
10,20,11.01282,0.024717,83.6299,169.3316
10,21,11.03846,0.018341,83.8234,175.7997
10,22,11.0641,0.021086,83.5458,177.5722
10,23,11.08974,0.01959,82.9762,168.737
10,24,11.11538,0.016807,82.0943,167.6213
10,25,11.14103,0.020836,81.9166,179.9782
10,26,11.16667,0.018105,79.8914,175.025
10,27,11.19231,0.022028,78.23,185.8027
10,28,11.21795,0.013217,80.5551,183.2528
10,29,11.24359,0.020736,79.2971,178.4381
10,30,11.26923,0.018552,85.0643,181.905
10,31,11.29487,0.027991,82.8166,169.996
10,32,11.32051,0.017954,83.5578,171.1376
10,33,11.34615,0.018264,82.68,173.8116
10,34,11.37179,0.027307,81.9081,177.2747
10,35,11.39744,0.018572,76.8899,166.1512
10,36,11.42308,0.019728,83.4916,177.5951
10,37,11.44872,0.015445,81.4078,168.1657
10,38,11.47436,0.019401,81.9346,172.8952
10,39,11.5,0.022278,81.473,174.8309
11,0,11.55,0.022452,88.0509,190.3987
11,1,11.57564,0.019974,89.7306,188.0004
11,2,11.60128,0.016126,87.9577,185.6511
11,3,11.62692,0.023676,84.8862,188.1502
11,4,11.65256,0.015299,87.5942,201.671
11,5,11.67821,0.017239,86.0222,181.1823
11,6,11.70385,0.015269,82.8839,179.8529
11,7,11.72949,0.016944,84.5287,198.3028
11,8,11.75513,0.019188,85.7377,177.3535
11,9,11.78077,0.015078,82.968,182.4911
11,10,11.80641,0.022964,87.3913,184.3991
11,11,11.83205,0.015537,86.4588,183.1155
11,12,11.85769,0.013408,86.3524,179.0748
11,13,11.88333,0.020746,84.4702,174.4036
11,14,11.90897,0.022037,87.7142,188.3807
11,15,11.93462,0.022298,85.1301,190.5599
11,16,11.96026,0.015948,84.1879,192.0282
11,17,11.9859,0.022591,85.1546,189.8093
11,18,12.01154,0.022677,84.3752,190.5539
11,19,12.03718,0.016597,83.7901,192.4037
11,20,12.06282,0.021345,85.59,191.8337
11,21,12.08846,0.019377,82.8389,183.3469
11,22,12.1141,0.016887,85.0837,186.9702
11,23,12.13974,0.017944,82.278,172.9984
11,24,12.16538,0.019876,84.3659,182.1976
11,25,12.19103,0.019276,89.9847,181.4685
11,26,12.21667,0.020811,80.1367,192.2323
11,27,12.24231,0.019672,86.626,186.4655
11,28,12.26795,0.02475,83.6536,197.8032
11,29,12.29359,0.019651,84.4941,187.3909
11,30,12.31923,0.015545,81.485,193.5388
11,31,12.34487,0.01973,84.6313,188.0389
11,32,12.37051,0.021526,86.7595,174.3594
11,33,12.39615,0.017087,90.1366,184.0148
11,34,12.42179,0.016169,85.7837,188.1666
11,35,12.44744,0.023347,86.7133,191.2009
11,36,12.47308,0.022068,89.1453,180.7945
11,37,12.49872,0.019311,84.1824,180.9401
11,38,12.52436,0.021629,89.9851,186.8308
11,39,12.55,0.015765,82.7074,179.8068
12,0,12.6,0.020783,78.9455,244.385
12,1,12.62564,0.024282,75.7949,233.7364
12,2,12.65128,0.023305,80.1239,253.4583
12,3,12.67692,0.022896,80.0324,243.3106
12,4,12.70256,0.021187,78.6849,238.0761
12,5,12.72821,0.01981,80.906,231.1322
12,6,12.75385,0.022651,81.8534,240.692
12,7,12.77949,0.019943,80.1356,239.2884
12,8,12.80513,0.02314,80.881,228.66
12,9,12.83077,0.023247,80.2418,229.4411
12,10,12.85641,0.018519,78.944,238.2579
12,11,12.88205,0.021769,81.4518,234.6284
12,12,12.90769,0.024975,78.5111,239.7896
12,13,12.93333,0.02472,77.1587,241.9271
12,14,12.95897,0.030323,75.4233,246.5642
12,15,12.98462,0.031551,78.0901,245.4193
12,16,13.01026,0.024294,78.6377,239.2098
12,17,13.0359,0.0221,77.6116,232.6469
12,18,13.06154,0.028153,80.1704,239.5744
12,19,13.08718,0.023134,81.5266,237.9557
12,20,13.11282,0.018058,77.9088,239.9102
12,21,13.13846,0.024032,82.3056,242.351
12,22,13.1641,0.019581,83.5722,225.658
12,23,13.18974,0.023488,80.8393,224.9355
12,24,13.21538,0.023565,80.3968,233.3806
12,25,13.24103,0.028431,80.4483,236.9225
12,26,13.26667,0.01848,80.5334,238.3372
12,27,13.29231,0.023578,80.2743,231.6859
12,28,13.31795,0.02659,80.0168,230.2682
12,29,13.34359,0.026029,77.8929,235.0728
12,30,13.36923,0.023277,80.6986,251.895
12,31,13.39487,0.025724,82.682,240.5126
12,32,13.42051,0.021232,79.663,241.2763
12,33,13.44615,0.027896,77.9744,228.665
12,34,13.47179,0.025359,78.7453,234.4837
12,35,13.49744,0.025672,81.6536,224.986
12,36,13.52308,0.026427,80.9623,237.5018
12,37,13.54872,0.025396,78.4417,231.2168
12,38,13.57436,0.02462,76.6193,235.6629
12,39,13.6,0.024027,81.3546,235.7019
13,0,13.65,0.176253,84.9644,120.6311
13,1,13.67564,0.171398,80.3766,123.9728
13,2,13.70128,0.166414,82.7664,131.0594
13,3,13.72692,0.173628,83.6793,117.3344
13,4,13.75256,0.173019,85.3223,130.2103
13,5,13.77821,0.179569,80.6888,117.7279
13,6,13.80385,0.175736,89.7991,130.0904
13,7,13.82949,0.179654,81.982,115.5594
13,8,13.85513,0.17622,82.4823,117.3005
13,9,13.88077,0.173371,84.4843,120.5533
13,10,13.90641,0.1787,81.8879,112.8205
13,11,13.93205,0.169575,81.4016,125.2793
13,12,13.95769,0.174025,82.4577,124.148
13,13,13.98333,0.175101,81.0939,114.3029
13,14,14.00897,0.175189,83.9883,112.4872
13,15,14.03462,0.172128,84.0049,119.03
13,16,14.06026,0.181036,81.1272,126.7609
13,17,14.0859,0.180972,80.3441,130.3391
13,18,14.11154,0.178497,78.3585,125.6133
13,19,14.13718,0.176101,81.7371,131.6587
13,20,14.16282,0.166324,82.6952,114.7797
13,21,14.18846,0.174677,82.2082,113.6158
13,22,14.2141,0.178949,82.0772,125.0049
13,23,14.23974,0.174172,78.1854,120.2345
13,24,14.26538,0.172489,83.7842,106.0613
13,25,14.29103,0.179639,83.1621,114.7869
13,26,14.31667,0.173832,79.9648,126.5011
13,27,14.34231,0.173838,81.0021,127.6
13,28,14.36795,0.176871,78.8433,131.0541
13,29,14.39359,0.175115,78.5826,124.2137
13,30,14.41923,0.179321,80.192,126.6229
13,31,14.44487,0.173912,81.5634,122.0551
13,32,14.47051,0.173674,81.2988,119.4367
13,33,14.49615,0.173234,83.5055,134.8728
13,34,14.52179,0.179318,81.6622,120.6003
13,35,14.54744,0.177576,78.4345,127.3473
13,36,14.57308,0.170699,83.0201,121.6184
13,37,14.59872,0.17858,84.132,105.9855
13,38,14.62436,0.173967,82.8563,113.148
13,39,14.65,0.172429,82.0423,133.1549
14,0,14.7,0.120361,87.7232,188.0973
14,1,14.72564,0.116435,91.4723,194.3174
14,2,14.75128,0.114485,90.8211,207.1625
14,3,14.77692,0.120051,85.2498,204.0181
14,4,14.80256,0.119755,84.8657,207.1633
14,5,14.82821,0.115768,90.379,197.6546
14,6,14.85385,0.120355,89.0492,201.3765
14,7,14.87949,0.121338,88.4657,195.6778
14,8,14.90513,0.119788,87.7929,184.8228
14,9,14.93077,0.118778,88.0495,189.7942
14,10,14.95641,0.120164,85.9953,193.1184
14,11,14.98205,0.118918,91.4312,201.4219
14,12,15.00769,0.117336,85.8145,195.5915
14,13,15.03333,0.116451,88.5272,190.5099
14,14,15.05897,0.115391,88.0622,192.6993
14,15,15.08462,0.119116,91.013,207.0554
14,16,15.11026,0.119359,89.1041,205.9682
14,17,15.1359,0.116755,87.7717,195.857
14,18,15.16154,0.121795,90.4365,202.0752
14,19,15.18718,0.120968,89.578,203.3059
14,20,15.21282,0.115081,91.1641,196.9388
14,21,15.23846,0.112387,90.2867,197.43
14,22,15.2641,0.120638,86.0982,201.9578
14,23,15.28974,0.117406,86.3939,186.0197
14,24,15.31538,0.116564,84.6552,199.0089
14,25,15.34103,0.119936,87.241,195.0379
14,26,15.36667,0.119505,90.909,191.6551
14,27,15.39231,0.12343,89.7022,192.8547
14,28,15.41795,0.117704,87.3573,196.4716
14,29,15.44359,0.120899,87.6482,197.6319
14,30,15.46923,0.1177,90.1184,195.605
14,31,15.49487,0.117738,87.0069,201.6524
14,32,15.52051,0.1202,85.8808,193.1892
14,33,15.54615,0.122175,87.0147,192.2773
14,34,15.57179,0.117561,88.7578,189.0055
14,35,15.59744,0.120359,88.3432,200.9826
14,36,15.62308,0.111251,88.5471,189.9152
14,37,15.64872,0.119786,85.0805,191.4004
14,38,15.67436,0.12364,86.3563,190.8694
14,39,15.7,0.118212,87.9004,192.9017
15,0,15.75,0.139838,84.6954,132.928
15,1,15.77564,0.13949,87.1681,143.9915
15,2,15.80128,0.136856,84.5905,137.4502
15,3,15.82692,0.133107,85.8891,145.04
15,4,15.85256,0.144034,84.229,138.3863
15,5,15.87821,0.134745,83.2092,139.8949
15,6,15.90385,0.135837,82.1139,142.6452
15,7,15.92949,0.141133,82.3429,140.2255
15,8,15.95513,0.136634,83.7156,147.242
15,9,15.98077,0.135173,82.3411,129.8955
15,10,16.00641,0.137657,85.3345,136.1887
15,11,16.03205,0.141822,85.169,138.481
15,12,16.05769,0.13496,83.2044,137.0471
15,13,16.08333,0.133626,83.2908,138.0604
15,14,16.10897,0.139452,82.9901,138.4556
15,15,16.13462,0.13662,81.5098,137.1555
15,16,16.16026,0.140582,82.7504,154.5303
15,17,16.1859,0.136437,81.5132,135.7813
15,18,16.21154,0.135372,85.9779,133.949
15,19,16.23718,0.138016,84.4567,140.8274
15,20,16.26282,0.139101,83.9728,135.398
15,21,16.28846,0.13666,84.7924,139.5487
15,22,16.3141,0.136607,87.613,140.7156
15,23,16.33974,0.140592,82.5806,135.269
15,24,16.36538,0.135698,86.6684,141.051
15,25,16.39103,0.137656,82.7367,134.4456
15,26,16.41667,0.138259,88.0749,138.5871
15,27,16.44231,0.138432,82.3432,140.387
15,28,16.46795,0.132292,86.0842,140.68
15,29,16.49359,0.134773,88.0826,135.9595
15,30,16.51923,0.137906,85.4677,134.0158
15,31,16.54487,0.13973,82.1074,129.7703
15,32,16.57051,0.134839,86.3806,140.7679
15,33,16.59615,0.137484,83.6398,130.1239
15,34,16.62179,0.135627,81.693,134.7446
15,35,16.64744,0.133335,84.9366,129.0175
15,36,16.67308,0.138587,83.6852,139.1953
15,37,16.69872,0.141218,87.665,132.2446
15,38,16.72436,0.135398,86.7336,135.2178
15,39,16.75,0.139124,85.5206,143.6634
16,0,16.8,0.02397,88.253,191.1446
16,1,16.82564,0.02047,91.9183,180.073
16,2,16.85128,0.019295,89.7029,186.0582
16,3,16.87692,0.020912,86.4297,192.3734
16,4,16.90256,0.0198,87.1505,192.5457
16,5,16.92821,0.020055,91.3006,190.6062
16,6,16.95385,0.023184,87.5797,194.8816
16,7,16.97949,0.019499,88.6303,183.5194
16,8,17.00513,0.020618,87.6089,194.5391
16,9,17.03077,0.015154,85.9701,198.3482
16,10,17.05641,0.018232,90.5543,193.0992
16,11,17.08205,0.025213,97.0348,185.4127
16,12,17.10769,0.020707,86.9338,183.5952
16,13,17.13333,0.02233,88.0446,197.0061
16,14,17.15897,0.021532,89.9769,194.4123
16,15,17.18462,0.017223,87.3053,180.4862
16,16,17.21026,0.021992,91.9696,192.9487
16,17,17.2359,0.020349,84.1757,192.7103
16,18,17.26154,0.018058,86.6577,194.3927
16,19,17.28718,0.018152,90.5803,186.6895
16,20,17.31282,0.025854,88.9232,175.3238
16,21,17.33846,0.018188,90.7957,186.7448
16,22,17.3641,0.022144,90.3433,183.0586
16,23,17.38974,0.023312,89.9364,177.1952
16,24,17.41538,0.023343,90.041,185.8353
16,25,17.44103,0.018099,89.948,187.6083
16,26,17.46667,0.02046,88.8615,191.116
16,27,17.49231,0.021057,94.949,189.3939
16,28,17.51795,0.019884,93.8139,197.3576
16,29,17.54359,0.016272,88.4716,188.894
16,30,17.56923,0.020017,91.4522,196.4831
16,31,17.59487,0.019794,92.4852,200.4713
16,32,17.62051,0.018674,88.3171,187.3365
16,33,17.64615,0.021629,89.9202,183.307
16,34,17.67179,0.016428,90.8491,185.8896
16,35,17.69744,0.022677,90.7077,187.7649
16,36,17.72308,0.015438,89.903,176.2136
16,37,17.74872,0.019076,90.9931,198.2758
16,38,17.77436,0.028869,88.2724,192.6373
16,39,17.8,0.022519,86.8418,185.9578
17,0,17.85,0.016399,85.1186,199.1778
17,1,17.87564,0.012964,85.3795,180.9114
17,2,17.90128,0.025417,88.7052,199.2135
17,3,17.92692,0.015962,88.7882,191.6294
17,4,17.95256,0.022542,83.2831,188.9625
17,5,17.97821,0.01823,87.5219,183.363
17,6,18.00385,0.017938,86.5105,181.2977
17,7,18.02949,0.017555,85.5747,171.373
17,8,18.05513,0.018165,86.2814,179.6031
17,9,18.08077,0.018868,84.7675,184.7973
17,10,18.10641,0.02102,86.8694,181.9921
17,11,18.13205,0.01503,88.2295,175.5011
17,12,18.15769,0.021295,87.9747,178.9344
17,13,18.18333,0.020101,86.2604,180.5618
17,14,18.20897,0.013679,84.4252,179.2943
17,15,18.23462,0.023366,87.2008,181.5315
17,16,18.26026,0.017149,83.9083,179.0419
17,17,18.2859,0.019618,88.2657,181.5805
17,18,18.31154,0.013769,88.962,190.1108
17,19,18.33718,0.013908,89.7417,173.5657
17,20,18.36282,0.023785,86.7241,176.2512
17,21,18.38846,0.018869,87.3058,180.5513
17,22,18.4141,0.019696,87.0731,180.8159
17,23,18.43974,0.021408,88.2233,167.5646
17,24,18.46538,0.016477,86.908,176.924
17,25,18.49103,0.019097,85.0504,176.5172
17,26,18.51667,0.018451,85.225,178.4424
17,27,18.54231,0.015386,89.6446,187.9323
17,28,18.56795,0.021104,87.8745,190.1572
17,29,18.59359,0.019992,88.8462,182.124
17,30,18.61923,0.011743,87.3171,187.7775
17,31,18.64487,0.015398,84.7479,174.1697
17,32,18.67051,0.012697,86.6057,181.8741
17,33,18.69615,0.019456,84.7337,191.7832
17,34,18.72179,0.014121,83.0323,178.8923
17,35,18.74744,0.014516,84.2143,163.375
17,36,18.77308,0.018511,88.9128,178.6236
17,37,18.79872,0.01956,86.6111,185.8282
17,38,18.82436,0.017116,86.2034,182.7373
17,39,18.85,0.018665,87.4681,184.0672
18,0,18.9,0.177552,94.016,154.6769
18,1,18.92564,0.17803,96.2458,154.8875
18,2,18.95128,0.176767,95.2808,161.9466
18,3,18.97692,0.172667,93.1894,152.1734
18,4,19.00256,0.178595,96.0901,150.63
18,5,19.02821,0.175442,92.2133,152.6829
18,6,19.05385,0.176451,94.3056,149.5818
18,7,19.07949,0.177701,98.9667,141.2755
18,8,19.10513,0.176234,97.0426,139.3339
18,9,19.13077,0.18151,96.5098,136.8575
18,10,19.15641,0.175808,94.0723,134.4969
18,11,19.18205,0.17449,94.311,144.6078
18,12,19.20769,0.172579,95.6454,147.1526
18,13,19.23333,0.174756,97.7484,144.1384
18,14,19.25897,0.178009,93.4896,156.839
18,15,19.28462,0.1755,94.8984,148.1636
18,16,19.31026,0.177593,94.4538,154.3247
18,17,19.3359,0.176609,98.3897,148.7887
18,18,19.36154,0.180606,96.2401,153.5746
18,19,19.38718,0.179919,99.605,146.0459
18,20,19.41282,0.180139,95.1236,147.9604
18,21,19.43846,0.176868,94.5984,138.5156
18,22,19.4641,0.181846,96.5577,141.6602
18,23,19.48974,0.177213,98.3522,139.1037
18,24,19.51538,0.177664,95.2619,151.6399
18,25,19.54103,0.175351,93.9678,151.4175
18,26,19.56667,0.175842,99.9474,138.1292
18,27,19.59231,0.176431,93.8606,154.0764
18,28,19.61795,0.177969,97.9022,149.1911
18,29,19.64359,0.17865,99.6956,151.1837
18,30,19.66923,0.182802,94.1195,149.8919
18,31,19.69487,0.175008,95.9092,158.9382
18,32,19.72051,0.178927,98.2533,144.4373
18,33,19.74615,0.178604,92.2415,142.9251
18,34,19.77179,0.174218,93.667,151.1687
18,35,19.79744,0.178186,96.5986,138.7092
18,36,19.82308,0.178225,95.3699,142.9887
18,37,19.84872,0.173016,97.4669,141.6805
18,38,19.87436,0.176861,99.7951,148.3906
18,39,19.9,0.182031,97.3887,138.7221
19,0,19.95,0.017101,85.8384,192.0123
19,1,19.97564,0.01703,86.5069,187.56
19,2,20.00128,0.019767,84.5325,206.5126
19,3,20.02692,0.019699,82.6622,197.9462
19,4,20.05256,0.019992,86.0259,209.2453
19,5,20.07821,0.017127,88.7737,196.683
19,6,20.10385,0.015281,86.8316,177.214
19,7,20.12949,0.015803,85.3204,198.287
19,8,20.15513,0.014364,85.2897,180.4658
19,9,20.18077,0.018565,84.781,186.1699
19,10,20.20641,0.016289,83.7517,192.2823
19,11,20.23205,0.017105,87.5858,197.2586
19,12,20.25769,0.014187,84.366,191.6012
19,13,20.28333,0.02031,86.2074,201.6319
19,14,20.30897,0.015515,86.5316,195.0194
19,15,20.33462,0.019361,85.549,201.0461
19,16,20.36026,0.022863,85.1118,213.3337
19,17,20.3859,0.01473,84.7724,188.1439
19,18,20.41154,0.017715,86.5605,193.6996
19,19,20.43718,0.013173,85.2178,196.53
19,20,20.46282,0.02093,87.0562,193.7398
19,21,20.48846,0.022084,86.357,193.5986
19,22,20.5141,0.017945,83.1104,188.7787
19,23,20.53974,0.016998,83.6707,183.9815
19,24,20.56538,0.011512,85.296,196.5751
19,25,20.59103,0.017581,86.3239,197.8004
19,26,20.61667,0.017466,90.526,195.1239
19,27,20.64231,0.012951,84.0853,190.2119
19,28,20.66795,0.015291,85.9891,201.5061
19,29,20.69359,0.013495,85.3104,193.955
19,30,20.71923,0.022771,81.7827,191.4605
19,31,20.74487,0.017048,87.0538,192.0288
19,32,20.77051,0.010414,85.329,191.7512
19,33,20.79615,0.016789,83.3507,199.5642
19,34,20.82179,0.013238,84.8603,194.7739
19,35,20.84744,0.015098,84.8836,191.1987
19,36,20.87308,0.018381,88.0913,188.3264
19,37,20.89872,0.017202,87.4961,200.647
19,38,20.92436,0.019597,89.9226,201.4845
19,39,20.95,0.012935,83.3491,195.2071
20,0,21.0,0.015787,77.4796,159.0639
20,1,21.02564,0.012799,79.9866,158.3131
20,2,21.05128,0.020484,76.1591,165.842
20,3,21.07692,0.017937,76.0457,157.5824
20,4,21.10256,0.012137,79.9952,160.1362
20,5,21.12821,0.015867,79.9709,159.4831
20,6,21.15385,0.011037,77.0575,163.1385
20,7,21.17949,0.013282,76.7737,159.775
20,8,21.20513,0.01527,79.3473,154.7518
20,9,21.23077,0.016608,75.9119,146.1369
20,10,21.25641,0.022347,77.8663,152.0873
20,11,21.28205,0.018047,76.4032,165.686
20,12,21.30769,0.017661,75.8415,155.1046
20,13,21.33333,0.020761,81.7476,155.5778
20,14,21.35897,0.020945,80.6045,164.388
20,15,21.38462,0.015242,78.693,154.017
20,16,21.41026,0.017516,77.7024,151.5921
20,17,21.4359,0.014207,81.1327,161.4856
20,18,21.46154,0.010718,79.7663,163.1831
20,19,21.48718,0.016883,80.0994,150.1666
20,20,21.51282,0.013609,78.7209,156.1933
20,21,21.53846,0.020506,79.8007,156.0571
20,22,21.5641,0.017941,80.6568,154.1761
20,23,21.58974,0.018709,79.513,159.1115
20,24,21.61538,0.015589,76.301,154.2379
20,25,21.64103,0.021561,81.5459,155.6211
20,26,21.66667,0.023294,80.6552,148.0643
20,27,21.69231,0.015844,82.7065,161.714
20,28,21.71795,0.019704,79.8633,157.3422
20,29,21.74359,0.015805,80.815,161.3558
20,30,21.76923,0.024959,78.4263,157.2398
20,31,21.79487,0.018009,81.9506,162.6747
20,32,21.82051,0.018916,78.9632,157.4992
20,33,21.84615,0.020746,81.2929,163.1353
20,34,21.87179,0.018124,81.3902,159.0907
20,35,21.89744,0.018294,80.2335,154.1755
20,36,21.92308,0.019968,75.6432,145.5286
20,37,21.94872,0.016501,77.8324,155.7622
20,38,21.97436,0.017718,81.3517,149.6668
20,39,22.0,0.013398,80.2837,178.6954
21,0,22.05,0.011822,82.937,237.6608
21,1,22.07564,0.018284,86.6152,239.5993
21,2,22.10128,0.015212,82.3751,236.468
21,3,22.12692,0.016527,88.1114,243.6419
21,4,22.15256,0.01371,81.8687,233.6486
21,5,22.17821,0.013608,84.4461,249.78
21,6,22.20385,0.015485,88.3556,229.2152
21,7,22.22949,0.01783,88.2031,231.9109
21,8,22.25513,0.010471,83.8284,231.3585
21,9,22.28077,0.013083,87.8025,220.7399
21,10,22.30641,0.017591,83.7819,225.0724
21,11,22.33205,0.011003,84.2693,226.5291
21,12,22.35769,0.01819,84.8223,243.4155
21,13,22.38333,0.017723,82.7408,245.926
21,14,22.40897,0.019124,86.3491,242.3621
21,15,22.43462,0.009736,83.9903,247.2289
21,16,22.46026,0.014862,83.9472,239.9323
21,17,22.4859,0.011479,85.1587,241.1691
21,18,22.51154,0.01288,84.7432,245.1202
21,19,22.53718,0.012228,83.8189,231.9844
21,20,22.56282,0.01355,81.8067,238.7498
21,21,22.58846,0.013419,84.39,237.9933
21,22,22.6141,0.01718,86.3513,234.8463
21,23,22.63974,0.014144,83.4441,230.8709
21,24,22.66538,0.014914,83.7209,242.0994
21,25,22.69103,0.018164,82.5072,241.0326
21,26,22.71667,0.017084,85.8668,226.9027
21,27,22.74231,0.017827,81.6426,240.7131
21,28,22.76795,0.011125,85.8363,243.0315
21,29,22.79359,0.01887,84.7885,244.1163
21,30,22.81923,0.014764,86.0352,240.4749
21,31,22.84487,0.01372,84.7185,234.5641
21,32,22.87051,0.016096,82.8121,243.1533
21,33,22.89615,0.014186,84.2829,220.4518
21,34,22.92179,0.014299,82.1372,231.4392
21,35,22.94744,0.013421,83.5301,236.4021
21,36,22.97308,0.014186,84.5023,242.0773
21,37,22.99872,0.016674,86.9922,227.2246
21,38,23.02436,0.017962,86.7396,245.9083
21,39,23.05,0.017341,85.6172,230.0709
22,0,23.1,0.01193,81.6409,225.0261
22,1,23.12564,0.010223,82.1277,226.4557
22,2,23.15128,0.009485,77.8199,234.0627
22,3,23.17692,0.007372,83.4592,236.108
22,4,23.20256,0.010911,82.3882,240.1094
22,5,23.22821,0.014056,79.504,226.9215
22,6,23.25385,0.004436,80.5534,222.5147
22,7,23.27949,0.004497,81.8393,226.0936
22,8,23.30513,0.014292,82.7101,222.7308
22,9,23.33077,0.010145,82.4553,225.9623
22,10,23.35641,0.009982,79.1824,212.9362
22,11,23.38205,0.007153,80.4154,231.5635
22,12,23.40769,0.00285,77.8621,224.9932
22,13,23.43333,0.008605,83.4641,235.2403
22,14,23.45897,0.00535,79.7442,228.9054
22,15,23.48462,0.009881,82.0714,235.7116
22,16,23.51026,0.009097,79.5552,231.6973
22,17,23.5359,0.00478,78.1465,225.316
22,18,23.56154,0.007303,78.6872,235.4509
22,19,23.58718,0.011845,83.8027,224.9636
22,20,23.61282,0.00606,78.0798,241.2845
22,21,23.63846,0.008376,81.1833,233.9738
22,22,23.6641,0.007587,79.7506,212.7792
22,23,23.68974,0.008124,80.8634,214.9033
22,24,23.71538,0.009615,82.7985,228.7536
22,25,23.74103,0.008122,79.5006,219.8457
22,26,23.76667,0.001133,83.4243,240.2761
22,27,23.79231,0.012419,79.369,236.1968
22,28,23.81795,0.007716,80.6305,232.6589
22,29,23.84359,0.011287,80.6774,222.6304
22,30,23.86923,0.004048,76.7398,226.5977
22,31,23.89487,0.010046,82.6653,229.2755
22,32,23.92051,0.012932,81.6363,231.1789
22,33,23.94615,0.008402,82.8711,228.2932
22,34,23.97179,0.012394,80.9529,215.9791
22,35,23.99744,0.00987,82.5069,213.6483
22,36,24.02308,0.003386,80.7873,229.8839
22,37,24.04872,0.006968,80.1294,231.5397
22,38,24.07436,0.008938,79.1939,238.3408
22,39,24.1,0.007944,79.0844,229.0983
23,0,24.15,0.115814,88.4834,211.4298
23,1,24.17564,0.115384,93.4678,210.0076
23,2,24.20128,0.116611,89.2981,220.8149
23,3,24.22692,0.113197,85.1976,216.2269
23,4,24.25256,0.12062,90.8066,215.1249
23,5,24.27821,0.116423,90.1458,211.6002
23,6,24.30385,0.115802,88.9166,223.8621
23,7,24.32949,0.118007,89.2006,220.524
23,8,24.35513,0.108767,87.8981,214.0219
23,9,24.38077,0.113159,89.1556,218.5776
23,10,24.40641,0.118369,89.4769,214.4492
23,11,24.43205,0.115457,90.3766,209.6184
23,12,24.45769,0.117735,87.8922,208.7117
23,13,24.48333,0.11517,94.9431,224.9397
23,14,24.50897,0.119972,88.2984,218.6687
23,15,24.53462,0.110369,87.7552,215.0543
23,16,24.56026,0.116475,87.9087,213.9992
23,17,24.5859,0.119435,87.0604,234.2306
23,18,24.61154,0.11632,88.6687,218.7269
23,19,24.63718,0.117732,87.3537,221.7261
23,20,24.66282,0.11274,88.8775,216.9043
23,21,24.68846,0.116246,89.0167,205.5485
23,22,24.7141,0.115431,89.7902,207.827
23,23,24.73974,0.113959,89.1915,208.2442
23,24,24.76538,0.118537,90.6156,205.6935
23,25,24.79103,0.116405,90.4531,211.2186
23,26,24.81667,0.112851,90.6737,216.7705
23,27,24.84231,0.117883,85.9037,214.0579
23,28,24.86795,0.109238,92.2645,216.4005
23,29,24.89359,0.119999,90.4132,228.5988
23,30,24.91923,0.114103,90.3837,209.9215
23,31,24.94487,0.112945,89.3051,217.2783
23,32,24.97051,0.110598,87.4233,216.6476
23,33,24.99615,0.112956,91.1561,219.7901
23,34,25.02179,0.116753,88.732,207.1813
23,35,25.04744,0.126787,86.9412,205.5577
23,36,25.07308,0.117116,87.3244,208.7187
23,37,25.09872,0.115677,88.0172,217.4204
23,38,25.12436,0.11611,90.696,230.3569
23,39,25.15,0.113803,87.9309,214.1767
24,0,25.2,0.092161,87.8214,184.7768
24,1,25.22564,0.0936,85.1019,185.2724
24,2,25.25128,0.092881,81.691,181.5789
24,3,25.27692,0.091972,84.3355,179.6645
24,4,25.30256,0.095424,84.5944,191.5938
24,5,25.32821,0.098867,85.7985,189.8048
24,6,25.35385,0.09441,85.7882,184.8454
24,7,25.37949,0.090974,86.4435,183.3665
24,8,25.40513,0.093889,86.5098,187.3326
24,9,25.43077,0.095976,88.6285,173.4192
24,10,25.45641,0.089211,86.0199,173.0177
24,11,25.48205,0.091613,88.7589,180.2913
24,12,25.50769,0.09186,87.361,172.9549
24,13,25.53333,0.089921,84.8245,177.5166
24,14,25.55897,0.098305,82.3087,193.4055
24,15,25.58462,0.093446,83.9998,188.2908
24,16,25.61026,0.095136,83.4623,186.4751
24,17,25.6359,0.098484,82.1158,194.6292
24,18,25.66154,0.095484,83.1982,178.8637
24,19,25.68718,0.095571,86.4987,184.2114
24,20,25.71282,0.095882,85.0521,174.8981
24,21,25.73846,0.092422,86.5052,179.4909
24,22,25.7641,0.086809,87.6375,178.9972
24,23,25.78974,0.096643,85.4313,177.2167
24,24,25.81538,0.09392,82.7144,184.5441
24,25,25.84103,0.08994,83.8674,179.9227
24,26,25.86667,0.091944,83.4873,185.4579
24,27,25.89231,0.089611,83.6822,180.1038
24,28,25.91795,0.095508,82.822,190.2929
24,29,25.94359,0.090428,84.5526,173.981
24,30,25.96923,0.09526,83.1179,188.3723
24,31,25.99487,0.088303,84.7961,191.0784
24,32,26.02051,0.09421,87.3444,201.8542
24,33,26.04615,0.094411,81.6988,175.0169
24,34,26.07179,0.091107,84.8742,176.4568
24,35,26.09744,0.092267,85.0097,187.7741
24,36,26.12308,0.093704,83.3557,186.5437
24,37,26.14872,0.091804,86.4156,181.8884
24,38,26.17436,0.090803,83.4874,191.2054
24,39,26.2,0.096818,88.3614,193.7456
25,0,26.25,0.013195,84.1767,198.6735
25,1,26.27564,0.023194,85.5914,200.7775
25,2,26.30128,0.022857,86.8695,213.6964
25,3,26.32692,0.016287,85.089,200.6591
25,4,26.35256,0.015174,82.9629,220.4936
25,5,26.37821,0.018043,84.1576,212.3264
25,6,26.40385,0.019476,89.1029,203.4294
25,7,26.42949,0.024655,81.1754,205.1238
25,8,26.45513,0.021279,82.8479,206.18
25,9,26.48077,0.019227,86.3266,195.491
25,10,26.50641,0.022782,85.0398,201.6168
25,11,26.53205,0.020738,88.05,202.3359
25,12,26.55769,0.015526,85.321,206.529
25,13,26.58333,0.017697,82.6311,220.387
25,14,26.60897,0.015212,83.288,208.0388
25,15,26.63462,0.01629,85.8284,215.1358
25,16,26.66026,0.018551,84.6513,203.854
25,17,26.6859,0.017046,84.5093,213.127
25,18,26.71154,0.024511,86.7332,204.9027
25,19,26.73718,0.017419,82.861,205.8471
25,20,26.76282,0.018921,84.4395,205.3251
25,21,26.78846,0.021712,84.3202,209.1307
25,22,26.8141,0.019502,83.9621,193.0054
25,23,26.83974,0.01592,83.784,208.0958
25,24,26.86538,0.019457,85.2861,204.1785
25,25,26.89103,0.016247,83.6671,203.4116
25,26,26.91667,0.019364,84.2133,212.9561
25,27,26.94231,0.018927,84.3148,209.5509
25,28,26.96795,0.019414,82.3561,206.4726
25,29,26.99359,0.021015,87.0026,200.0906
25,30,27.01923,0.022468,82.8836,212.3858
25,31,27.04487,0.013393,83.3976,217.6376
25,32,27.07051,0.023372,83.0561,206.474
25,33,27.09615,0.016896,84.8708,209.7839
25,34,27.12179,0.015777,84.9011,200.3302
25,35,27.14744,0.016398,83.1411,204.4685
25,36,27.17308,0.018053,82.16,207.4672
25,37,27.19872,0.024391,82.9553,201.5102
25,38,27.22436,0.015168,83.6224,200.8611
25,39,27.25,0.018502,85.4103,209.8463
26,0,27.3,0.013297,81.3649,243.1175
26,1,27.32564,0.009428,85.061,245.5021
26,2,27.35128,0.012554,84.2076,250.0238
26,3,27.37692,0.014396,87.0074,247.8333
26,4,27.40256,0.012845,86.0829,254.8273
26,5,27.42821,0.018476,87.7299,243.8531
26,6,27.45385,0.016305,86.1812,237.4238
26,7,27.47949,0.012631,85.7651,239.0619
26,8,27.50513,0.014991,81.9575,242.3039
26,9,27.53077,0.014134,84.3537,247.6365
26,10,27.55641,0.012106,83.2126,244.9584
26,11,27.58205,0.016203,88.1065,244.6183
26,12,27.60769,0.016616,79.9638,242.1121
26,13,27.63333,0.014678,83.0721,240.2351
26,14,27.65897,0.013654,84.8732,244.9254
26,15,27.68462,0.008997,83.8612,242.0048
26,16,27.71026,0.014575,88.212,249.9087
26,17,27.7359,0.012549,81.5023,243.8771
26,18,27.76154,0.014613,84.537,242.3056
26,19,27.78718,0.013052,84.7524,243.8367
26,20,27.81282,0.016731,86.683,252.6657
26,21,27.83846,0.013478,80.7089,234.9963
26,22,27.8641,0.016947,82.9302,244.8164
26,23,27.88974,0.015651,83.7839,238.2027
26,24,27.91538,0.018843,82.2945,245.2236
26,25,27.94103,0.01291,81.9587,239.031
26,26,27.96667,0.012382,86.7535,235.8574
26,27,27.99231,0.015893,82.2606,245.8345
26,28,28.01795,0.0128,85.9113,247.8077
26,29,28.04359,0.00807,81.949,249.9579
26,30,28.06923,0.016013,81.9505,240.6923
26,31,28.09487,0.015503,85.3834,248.9185
26,32,28.12051,0.017307,84.1522,235.5762
26,33,28.14615,0.01363,84.9845,251.5191
26,34,28.17179,0.018937,81.2854,241.2538
26,35,28.19744,0.012012,82.2389,238.1589
26,36,28.22308,0.014752,85.6872,237.7907
26,37,28.24872,0.012145,87.4946,242.5194
26,38,28.27436,0.009781,87.513,243.8833
26,39,28.3,0.012638,87.517,251.3054
27,0,28.35,0.017688,89.994,200.7652
27,1,28.37564,0.016343,87.4982,208.8004
27,2,28.40128,0.016743,87.9743,195.5725
27,3,28.42692,0.017424,86.7786,203.2428
27,4,28.45256,0.015824,85.3534,191.1079
27,5,28.47821,0.014404,84.569,198.3723
27,6,28.50385,0.014098,89.7931,201.6956
27,7,28.52949,0.016431,89.1109,208.9297
27,8,28.55513,0.023755,89.0997,188.7333
27,9,28.58077,0.022828,85.5255,195.7223
27,10,28.60641,0.020766,87.4255,181.5571
27,11,28.63205,0.019754,86.6467,191.6914
27,12,28.65769,0.010683,85.3969,195.038
27,13,28.68333,0.015814,88.6018,198.019
27,14,28.70897,0.015126,87.9912,204.5032
27,15,28.73462,0.017842,84.9869,198.1114
27,16,28.76026,0.013152,89.6064,211.9061
27,17,28.7859,0.016082,91.2654,205.1518
27,18,28.81154,0.016859,87.003,202.4185
27,19,28.83718,0.013818,88.8533,203.8093
27,20,28.86282,0.018085,88.9772,197.9951
27,21,28.88846,0.02533,86.4733,199.7935
27,22,28.9141,0.01438,89.0791,191.7077
27,23,28.93974,0.018724,83.9822,199.0747
27,24,28.96538,0.018115,86.1203,199.0453
27,25,28.99103,0.017388,88.3835,200.27
27,26,29.01667,0.015088,87.6167,199.6908
27,27,29.04231,0.01481,85.8405,196.7661
27,28,29.06795,0.018238,84.7612,203.8772
27,29,29.09359,0.017991,88.0164,206.8038
27,30,29.11923,0.011958,85.4533,193.7511
27,31,29.14487,0.01481,88.2575,202.8096
27,32,29.17051,0.018886,87.8204,196.3421
27,33,29.19615,0.009874,84.4636,205.1898
27,34,29.22179,0.012985,84.6308,186.9113
27,35,29.24744,0.013592,84.9821,190.5075
27,36,29.27308,0.012725,86.9637,189.2982
27,37,29.29872,0.014037,87.1782,198.1654
27,38,29.32436,0.016685,86.4054,203.95
27,39,29.35,0.012772,87.4252,205.5353
28,0,29.4,0.118937,84.05,245.6437
28,1,29.42564,0.114536,85.7357,268.5897
28,2,29.45128,0.110852,84.3813,271.9208
28,3,29.47692,0.118379,82.6652,271.1684
28,4,29.50256,0.114178,83.5441,264.7154
28,5,29.52821,0.111851,79.8978,265.8112
28,6,29.55385,0.110923,85.5428,264.3069
28,7,29.57949,0.118201,84.9028,260.3614
28,8,29.60513,0.115071,85.4853,254.6905
28,9,29.63077,0.115899,84.2441,249.8715
28,10,29.65641,0.119518,83.0693,252.255
28,11,29.68205,0.116696,86.4227,257.6487
28,12,29.70769,0.115979,85.9959,263.966
28,13,29.73333,0.112506,80.4622,270.481
28,14,29.75897,0.10707,82.2205,261.2394
28,15,29.78462,0.115386,81.0494,262.9946
28,16,29.81026,0.117064,83.4845,272.2354
28,17,29.8359,0.112112,81.7863,259.2248
28,18,29.86154,0.11463,85.7284,266.3481
28,19,29.88718,0.115476,84.7282,260.6991
28,20,29.91282,0.116414,82.7063,253.019
28,21,29.93846,0.116434,80.0553,261.839
28,22,29.9641,0.120247,80.7541,253.8208
28,23,29.98974,0.113071,83.8543,254.2495
28,24,30.01538,0.106726,80.8484,256.6382
28,25,30.04103,0.114853,80.959,255.4517
28,26,30.06667,0.114194,80.3808,261.6948
28,27,30.09231,0.11785,84.0195,271.1569
28,28,30.11795,0.112477,84.7136,268.5915
28,29,30.14359,0.115281,85.533,257.7517
28,30,30.16923,0.11271,78.681,258.396
28,31,30.19487,0.110568,83.1048,276.7058
28,32,30.22051,0.114863,82.337,264.3506
28,33,30.24615,0.114052,81.4683,256.4399
28,34,30.27179,0.108827,84.3404,253.7315
28,35,30.29744,0.108458,83.9692,249.338
28,36,30.32308,0.11745,86.1365,251.3683
28,37,30.34872,0.11876,81.0068,262.2141
28,38,30.37436,0.109435,85.3594,254.7955
28,39,30.4,0.113058,84.001,263.247
29,0,30.45,0.173324,87.6908,197.1623
29,1,30.47564,0.169401,84.9957,195.6898
29,2,30.50128,0.172323,90.2963,200.1086
29,3,30.52692,0.167682,88.4031,186.978
29,4,30.55256,0.171543,89.438,191.755
29,5,30.57821,0.169206,87.2318,192.7879
29,6,30.60385,0.168767,86.909,190.0714
29,7,30.62949,0.169426,87.8139,185.1513
29,8,30.65513,0.173683,84.1054,179.8438
29,9,30.68077,0.169743,86.6838,172.5497
29,10,30.70641,0.168098,90.5778,187.2907
29,11,30.73205,0.178797,90.5673,185.2488
29,12,30.75769,0.172604,87.6627,192.2786
29,13,30.78333,0.173532,87.7677,189.1255
29,14,30.80897,0.173442,89.6933,200.9885
29,15,30.83462,0.170299,85.1613,187.7944
29,16,30.86026,0.170771,89.3434,189.6946
29,17,30.8859,0.16628,90.8403,191.2227
29,18,30.91154,0.167378,87.1966,188.088
29,19,30.93718,0.169996,86.9724,195.6168
29,20,30.96282,0.174504,84.8926,184.8587
29,21,30.98846,0.169286,91.3489,193.9056
29,22,31.0141,0.169542,89.452,181.7722
29,23,31.03974,0.178193,88.451,178.1483
29,24,31.06538,0.168267,84.2212,190.9585
29,25,31.09103,0.174445,88.356,199.9246
29,26,31.11667,0.167503,88.8769,187.8975
29,27,31.14231,0.170787,92.0739,200.4276
29,28,31.16795,0.172184,85.6839,197.5018
29,29,31.19359,0.173863,89.8908,196.8354
29,30,31.21923,0.172221,87.6431,201.0015
29,31,31.24487,0.171383,89.5707,188.8566
29,32,31.27051,0.174459,91.4473,195.6219
29,33,31.29615,0.166259,84.5537,188.7724
29,34,31.32179,0.172027,88.2567,186.2327
29,35,31.34744,0.176477,88.982,189.5065
29,36,31.37308,0.170182,87.9634,181.9576
29,37,31.39872,0.175993,89.1567,186.7526
29,38,31.42436,0.170662,84.4629,185.874
29,39,31.45,0.168988,88.07,192.025
30,0,31.5,0.014091,89.0668,286.2121
30,1,31.52564,0.012316,89.7559,297.6919
30,2,31.55128,0.013498,89.9799,274.9983
30,3,31.57692,0.015819,87.8671,282.1296
30,4,31.60256,0.012411,92.016,282.044
30,5,31.62821,0.010598,89.7427,294.1739
30,6,31.65385,0.016007,86.5876,291.6045
30,7,31.67949,0.015848,92.8765,285.3725
30,8,31.70513,0.02042,89.8582,278.0227
30,9,31.73077,0.017666,90.0489,280.8051
30,10,31.75641,0.013115,85.3795,288.4904
30,11,31.78205,0.007249,87.4116,273.5066
30,12,31.80769,0.020753,89.1979,273.9205
30,13,31.83333,0.016102,87.4647,283.8126
30,14,31.85897,0.01586,87.7279,282.4145
30,15,31.88462,0.022512,89.5185,280.9226
30,16,31.91026,0.014444,92.1755,292.3162
30,17,31.9359,0.013885,89.7833,288.0265
30,18,31.96154,0.012103,89.9129,286.8038
30,19,31.98718,0.01362,87.601,274.285
30,20,32.01282,0.010517,90.2121,288.1563
30,21,32.03846,0.016242,88.4236,278.5726
30,22,32.0641,0.016429,86.8068,276.328
30,23,32.08974,0.014743,88.92,278.9866
30,24,32.11538,0.014361,93.7452,283.1109
30,25,32.14103,0.013424,89.0564,283.6912
30,26,32.16667,0.017645,91.1589,285.9744
30,27,32.19231,0.018083,91.6373,280.3012
30,28,32.21795,0.009059,87.0895,291.0037
30,29,32.24359,0.02082,90.3648,289.5215
30,30,32.26923,0.012755,91.8973,286.933
30,31,32.29487,0.018048,90.6991,286.3174
30,32,32.32051,0.016366,89.425,288.8077
30,33,32.34615,0.014237,89.3522,278.2667
30,34,32.37179,0.017675,83.8947,277.2682
30,35,32.39744,0.011714,89.1989,274.9558
30,36,32.42308,0.012498,88.1075,278.125
30,37,32.44872,0.008876,91.4134,277.7004
30,38,32.47436,0.010404,89.6453,278.0913
30,39,32.5,0.01707,89.3871,280.0886
31,0,32.55,0.024669,85.1452,156.1766
31,1,32.57564,0.018004,83.3218,167.0093
31,2,32.60128,0.025352,85.3646,160.5683
31,3,32.62692,0.021302,87.7701,169.4784
31,4,32.65256,0.025085,83.2261,161.8364
31,5,32.67821,0.017425,84.0194,157.9014
31,6,32.70385,0.01955,87.4327,163.0938
31,7,32.72949,0.025968,82.5732,156.126
31,8,32.75513,0.017654,79.957,153.0142
31,9,32.78077,0.019224,87.6077,163.1691
31,10,32.80641,0.016437,82.632,145.582
31,11,32.83205,0.01814,86.6799,154.0616
31,12,32.85769,0.021088,83.8426,153.2911
31,13,32.88333,0.023608,78.1333,158.9913
31,14,32.90897,0.021613,81.5113,154.4492
31,15,32.93462,0.024524,86.561,164.1747
31,16,32.96026,0.022652,85.995,150.2397
31,17,32.9859,0.024879,81.8648,167.629
31,18,33.01154,0.018605,83.8562,160.6231
31,19,33.03718,0.022241,82.6243,156.9961
31,20,33.06282,0.014619,83.6516,158.0529
31,21,33.08846,0.020122,80.9334,164.1617
31,22,33.1141,0.0201,84.5072,160.5656
31,23,33.13974,0.013781,83.3539,150.7366
31,24,33.16538,0.022307,86.811,157.1861
31,25,33.19103,0.02322,84.1536,167.3988
31,26,33.21667,0.025969,85.3228,163.0509
31,27,33.24231,0.015542,85.0557,168.5535
31,28,33.26795,0.024507,84.3357,159.2279
31,29,33.29359,0.019963,85.5836,160.2878
31,30,33.31923,0.020729,83.5984,158.1824
31,31,33.34487,0.018408,82.0019,148.6152
31,32,33.37051,0.015019,83.554,159.7006
31,33,33.39615,0.022214,83.3892,150.0596
31,34,33.42179,0.015584,86.5469,166.9454
31,35,33.44744,0.017687,82.4901,157.1242
31,36,33.47308,0.020764,84.9234,154.3097
31,37,33.49872,0.020413,87.7566,157.0864
31,38,33.52436,0.023585,82.8948,159.2426
31,39,33.55,0.021573,83.9901,157.598
32,0,33.6,0.016854,83.9045,188.6851
32,1,33.62564,0.007769,80.9081,182.9703
32,2,33.65128,0.013414,82.8944,175.0788
32,3,33.67692,0.011452,80.5083,188.0247
32,4,33.70256,0.008475,83.6417,190.9914
32,5,33.72821,0.013814,83.4535,183.6668
32,6,33.75385,0.015638,80.9018,183.2853
32,7,33.77949,0.014528,82.2434,178.9556
32,8,33.80513,0.013367,83.6607,184.2417
32,9,33.83077,0.011394,81.2715,173.4759
32,10,33.85641,0.013358,79.3617,188.7935
32,11,33.88205,0.006156,80.9848,184.1993
32,12,33.90769,0.012263,80.2727,183.0055
32,13,33.93333,0.006165,79.005,183.378
32,14,33.95897,0.010395,81.9065,196.0287
32,15,33.98462,0.015148,81.2322,190.1801
32,16,34.01026,0.015056,79.9997,184.3717
32,17,34.0359,0.01257,83.1566,188.6832
32,18,34.06154,0.01474,83.5782,190.8063
32,19,34.08718,0.010668,83.1507,179.6693
32,20,34.11282,0.009747,81.0298,188.3069
32,21,34.13846,0.011883,84.0634,180.1392
32,22,34.1641,0.01589,84.0586,182.3972
32,23,34.18974,0.010416,82.7416,181.0229
32,24,34.21538,0.010047,82.3533,170.1474
32,25,34.24103,0.013793,82.8,179.0881
32,26,34.26667,0.013562,81.9841,188.0014
32,27,34.29231,0.009436,82.1781,174.0044
32,28,34.31795,0.011731,83.2982,179.3685
32,29,34.34359,0.009532,80.8225,191.1518
32,30,34.36923,0.013143,83.4802,185.4047
32,31,34.39487,0.010068,84.5995,186.9278
32,32,34.42051,0.018733,80.2894,176.3274
32,33,34.44615,0.014624,79.9292,181.7109
32,34,34.47179,0.010934,81.1907,182.7554
32,35,34.49744,0.011343,79.4698,180.559
32,36,34.52308,0.015573,83.6754,174.2106
32,37,34.54872,0.009216,83.4447,188.5904
32,38,34.57436,0.013081,79.0824,176.1532
32,39,34.6,0.009171,82.2044,179.4701
33,0,34.65,0.014094,83.3356,253.109
33,1,34.67564,0.012265,82.3032,270.1699
33,2,34.70128,0.009613,79.6922,276.9943
33,3,34.72692,0.011247,82.8863,263.8676
33,4,34.75256,0.007947,81.7095,283.1822
33,5,34.77821,0.009219,85.9009,272.8021
33,6,34.80385,0.009779,81.4608,271.9127
33,7,34.82949,0.01126,82.8601,267.8056
33,8,34.85513,0.007782,84.1977,264.0605
33,9,34.88077,0.008549,84.2786,260.6819
33,10,34.90641,0.009004,80.7443,258.867
33,11,34.93205,0.01108,82.0466,255.772
33,12,34.95769,0.010857,82.0121,258.8239
33,13,34.98333,0.004916,87.4293,263.5829
33,14,35.00897,0.012001,80.5056,265.185
33,15,35.03462,0.012694,83.9596,260.2182
33,16,35.06026,0.011101,84.2066,279.7923
33,17,35.0859,0.00476,82.6266,266.0047
33,18,35.11154,0.011815,82.5841,282.0335
33,19,35.13718,0.011913,83.6955,268.1332
33,20,35.16282,0.013275,81.3644,264.377
33,21,35.18846,0.008415,84.5734,266.4914
33,22,35.2141,0.009653,83.305,245.3322
33,23,35.23974,0.005618,84.4207,270.2303
33,24,35.26538,0.008159,78.2666,265.3635
33,25,35.29103,0.00992,87.4434,266.9014
33,26,35.31667,0.008515,81.6062,262.0796
33,27,35.34231,0.011174,84.351,272.7343
33,28,35.36795,0.004565,83.3371,265.1332
33,29,35.39359,0.012126,81.9983,262.0342
33,30,35.41923,0.012653,83.9418,263.2431
33,31,35.44487,0.006186,81.3972,264.5125
33,32,35.47051,0.009009,85.0693,268.1701
33,33,35.49615,0.004859,84.4702,261.4201
33,34,35.52179,0.010935,80.9519,266.7996
33,35,35.54744,0.010661,83.5888,264.8729
33,36,35.57308,0.01067,84.7452,263.9194
33,37,35.59872,0.005448,83.1488,257.9081
33,38,35.62436,0.01057,82.0519,256.3893
33,39,35.65,0.011409,81.8549,265.0582
34,0,35.7,0.010418,86.4036,194.5504
34,1,35.72564,0.018422,87.8208,185.4184
34,2,35.75128,0.016571,86.8995,193.9066
34,3,35.77692,0.011201,87.5283,180.154
34,4,35.80256,0.01055,89.849,182.1361
34,5,35.82821,0.015504,86.7017,184.1236
34,6,35.85385,0.013013,89.948,189.552
34,7,35.87949,0.00677,87.6645,191.8883
34,8,35.90513,0.015884,89.3454,179.2139
34,9,35.93077,0.014621,88.7415,175.635
34,10,35.95641,0.017679,88.6446,164.9305
34,11,35.98205,0.010513,86.5029,185.6687
34,12,36.00769,0.009383,86.0459,197.5618
34,13,36.03333,0.01393,89.8627,185.6851
34,14,36.05897,0.010379,87.9042,190.7375
34,15,36.08462,0.013112,89.627,176.2675
34,16,36.11026,0.019309,86.2175,187.989
34,17,36.1359,0.018023,88.0852,180.3317
34,18,36.16154,0.013091,88.5529,188.9643
34,19,36.18718,0.012119,89.891,191.8001
34,20,36.21282,0.013762,87.7062,180.7719
34,21,36.23846,0.016311,89.4216,181.8243
34,22,36.2641,0.019479,87.7169,184.0913
34,23,36.28974,0.016196,87.5898,182.6035
34,24,36.31538,0.014087,89.4747,180.0466
34,25,36.34103,0.009155,87.4565,192.9816
34,26,36.36667,0.012095,88.2046,185.168
34,27,36.39231,0.013222,90.6962,180.7546
34,28,36.41795,0.010083,86.5454,186.6294
34,29,36.44359,0.012338,86.3868,196.976
34,30,36.46923,0.017698,84.5373,186.0107
34,31,36.49487,0.009908,89.9811,183.9085
34,32,36.52051,0.015419,90.7676,186.4389
34,33,36.54615,0.014129,87.2557,188.0118
34,34,36.57179,0.012377,88.6099,187.1281
34,35,36.59744,0.01544,83.0017,174.7932
34,36,36.62308,0.009133,87.8213,190.3458
34,37,36.64872,0.014637,90.8942,175.9784
34,38,36.67436,0.012695,86.917,183.0444
34,39,36.7,0.014541,89.8138,194.6108
35,0,36.75,0.149751,85.2894,209.8363
35,1,36.77564,0.148948,85.9738,212.946
35,2,36.80128,0.148993,87.4209,213.6967
35,3,36.82692,0.146797,87.4199,205.9115
35,4,36.85256,0.153694,86.6952,210.4481
35,5,36.87821,0.14767,83.6743,220.636
35,6,36.90385,0.149703,84.1833,214.8052
35,7,36.92949,0.151624,82.0812,197.7
35,8,36.95513,0.145021,86.3991,207.0912
35,9,36.98077,0.151289,85.9248,203.714
35,10,37.00641,0.148222,85.7042,204.5735
35,11,37.03205,0.147251,87.8243,211.6472
35,12,37.05769,0.151532,83.2328,208.2675
35,13,37.08333,0.153151,85.3974,213.4766
35,14,37.10897,0.148204,85.747,201.4346
35,15,37.13462,0.145063,87.6442,209.298
35,16,37.16026,0.149306,86.8048,211.5461
35,17,37.1859,0.153847,84.255,216.9479
35,18,37.21154,0.144743,86.6882,208.5041
35,19,37.23718,0.148606,84.8408,212.0713
35,20,37.26282,0.148497,85.1309,215.327
35,21,37.28846,0.152685,84.4754,225.7847
35,22,37.3141,0.153265,87.5796,200.9343
35,23,37.33974,0.1492,84.4996,211.1906
35,24,37.36538,0.152248,82.1313,202.5852
35,25,37.39103,0.143637,82.8355,204.6134
35,26,37.41667,0.146732,88.3866,217.7172
35,27,37.44231,0.156004,87.0184,211.9663
35,28,37.46795,0.14881,86.7806,206.1834
35,29,37.49359,0.151458,88.6736,214.2559
35,30,37.51923,0.157008,83.491,210.7204
35,31,37.54487,0.1497,85.5662,214.5844
35,32,37.57051,0.151809,83.2098,223.8555
35,33,37.59615,0.150888,86.1016,207.0896
35,34,37.62179,0.147888,84.3923,190.5064
35,35,37.64744,0.148293,87.2823,208.122
35,36,37.67308,0.146923,85.4347,214.911
35,37,37.69872,0.153833,84.075,214.6487
35,38,37.72436,0.151496,87.8166,205.5451
35,39,37.75,0.152505,85.1178,206.3346
36,0,37.8,0.157446,87.8035,281.8067
36,1,37.82564,0.153873,87.5877,289.5882
36,2,37.85128,0.156739,87.4427,287.5329
36,3,37.87692,0.165254,87.1623,291.6969
36,4,37.90256,0.154939,87.3865,283.3281
36,5,37.92821,0.159528,87.5537,279.6999
36,6,37.95385,0.155152,86.7267,283.7091
36,7,37.97949,0.155071,85.5928,274.6228
36,8,38.00513,0.158761,87.8324,282.4165
36,9,38.03077,0.159166,82.4915,271.5276
36,10,38.05641,0.156341,86.9889,270.2903
36,11,38.08205,0.15495,89.3998,277.7841
36,12,38.10769,0.158812,85.6253,279.0682
36,13,38.13333,0.16031,86.3132,275.8887
36,14,38.15897,0.15843,86.3217,278.5911
36,15,38.18462,0.158138,91.3392,278.8575
36,16,38.21026,0.158244,88.2979,288.8042
36,17,38.2359,0.15816,85.8996,289.665
36,18,38.26154,0.159568,88.779,286.4608
36,19,38.28718,0.158704,87.2465,284.8808
36,20,38.31282,0.159876,86.4541,287.3721
36,21,38.33846,0.15658,87.9589,280.4351
36,22,38.3641,0.165282,85.2665,273.6838
36,23,38.38974,0.158535,88.4184,280.5591
36,24,38.41538,0.158037,87.9629,270.3347
36,25,38.44103,0.159289,87.2584,276.3856
36,26,38.46667,0.163129,89.1027,286.4076
36,27,38.49231,0.16206,88.7083,284.0197
36,28,38.51795,0.162282,87.0578,275.2263
36,29,38.54359,0.15894,85.9021,276.5959
36,30,38.56923,0.157862,88.3366,285.8167
36,31,38.59487,0.158581,92.9909,283.873
36,32,38.62051,0.156728,84.7728,280.9687
36,33,38.64615,0.161414,86.8422,283.1654
36,34,38.67179,0.16467,88.4214,286.1303
36,35,38.69744,0.158052,87.1814,275.7141
36,36,38.72308,0.151943,88.1346,267.3365
36,37,38.74872,0.157185,86.6449,281.1816
36,38,38.77436,0.152996,84.952,277.7652
36,39,38.8,0.15224,90.2867,278.1397
37,0,38.85,0.022997,92.5292,208.3473
37,1,38.87564,0.019499,89.8148,214.3243
37,2,38.90128,0.024705,91.0088,209.7888
37,3,38.92692,0.019726,90.6484,230.1979
37,4,38.95256,0.022542,93.9961,206.2741
37,5,38.97821,0.017583,91.964,222.1942
37,6,39.00385,0.01845,92.0952,222.5852
37,7,39.02949,0.020558,91.626,212.0581
37,8,39.05513,0.026317,94.6491,203.259
37,9,39.08077,0.020158,94.3051,203.1688
37,10,39.10641,0.022305,91.5237,211.7936
37,11,39.13205,0.020406,89.1458,213.6687
37,12,39.15769,0.022186,90.1294,202.561
37,13,39.18333,0.019979,90.9404,224.8302
37,14,39.20897,0.020295,88.1716,215.194
37,15,39.23462,0.026339,89.13,224.4508
37,16,39.26026,0.018833,90.7573,217.6833
37,17,39.2859,0.022001,92.6732,211.9509
37,18,39.31154,0.023352,89.8387,219.4536
37,19,39.33718,0.02124,91.1226,219.3724
37,20,39.36282,0.022482,91.149,212.8272
37,21,39.38846,0.024982,95.1326,213.4386
37,22,39.4141,0.026218,91.1199,212.0383
37,23,39.43974,0.021323,92.5806,218.1964
37,24,39.46538,0.020226,92.1809,208.1474
37,25,39.49103,0.017642,90.5745,211.1122
37,26,39.51667,0.021086,92.3336,211.824
37,27,39.54231,0.019439,91.6758,223.9954
37,28,39.56795,0.022996,89.7291,222.6788
37,29,39.59359,0.025871,91.9194,231.5434
37,30,39.61923,0.020796,93.0221,222.4986
37,31,39.64487,0.015616,89.4673,217.0487
37,32,39.67051,0.02231,91.5945,216.4452
37,33,39.69615,0.022698,92.1376,206.5949
37,34,39.72179,0.018655,91.7987,215.9774
37,35,39.74744,0.01931,94.4561,212.6607
37,36,39.77308,0.021839,91.9257,213.9695
37,37,39.79872,0.023319,93.428,206.7352
37,38,39.82436,0.020827,95.112,213.9734
37,39,39.85,0.020578,93.0225,220.4895
38,0,39.9,0.023482,85.2543,215.576
38,1,39.92564,0.024554,86.7104,208.4949
38,2,39.95128,0.020129,85.0771,206.3513
38,3,39.97692,0.019089,86.6805,209.1405
38,4,40.00256,0.016319,86.9028,205.1875
38,5,40.02821,0.019517,84.5968,205.3635
38,6,40.05385,0.017059,85.3038,200.7801
38,7,40.07949,0.017998,86.0839,194.0811
38,8,40.10513,0.014794,87.7499,196.7768
38,9,40.13077,0.015692,87.0514,188.7774
38,10,40.15641,0.012743,86.5371,198.549
38,11,40.18205,0.018474,86.4749,199.0215
38,12,40.20769,0.01794,85.9176,204.3074
38,13,40.23333,0.016762,86.6441,199.5451
38,14,40.25897,0.016459,86.0212,207.1323
38,15,40.28462,0.015705,86.967,215.4611
38,16,40.31026,0.02569,83.5413,214.2625
38,17,40.3359,0.015976,86.7922,212.2892
38,18,40.36154,0.017897,87.9753,208.9219
38,19,40.38718,0.018185,84.7278,198.9957
38,20,40.41282,0.019068,87.2129,215.5946
38,21,40.43846,0.020774,86.4806,186.1904
38,22,40.4641,0.015993,85.7952,194.4219
38,23,40.48974,0.017521,84.8959,196.9709
38,24,40.51538,0.014919,86.2091,196.9195
38,25,40.54103,0.021301,84.6458,199.5053
38,26,40.56667,0.019394,85.4594,202.2617
38,27,40.59231,0.018242,90.3805,198.1303
38,28,40.61795,0.021332,86.8722,198.607
38,29,40.64359,0.019168,88.7844,206.5751
38,30,40.66923,0.016477,87.4151,214.2736
38,31,40.69487,0.012326,87.0821,198.3029
38,32,40.72051,0.021935,88.5571,192.6683
38,33,40.74615,0.016285,86.8902,201.8826
38,34,40.77179,0.022807,86.6791,208.648
38,35,40.79744,0.012918,82.6725,192.802
38,36,40.82308,0.016596,82.2869,198.7161
38,37,40.84872,0.016593,84.3377,191.8864
38,38,40.87436,0.016528,85.1793,203.7305
38,39,40.9,0.018158,85.9206,198.8068
39,0,40.95,0.12097,82.5508,268.4277
39,1,40.97564,0.118286,81.361,257.0123
39,2,41.00128,0.122278,83.5402,264.4281
39,3,41.02692,0.120155,80.7661,262.4786
39,4,41.05256,0.123255,80.2546,264.1109
39,5,41.07821,0.124996,82.7836,264.6422
39,6,41.10385,0.120215,81.0332,266.0343
39,7,41.12949,0.124716,81.5103,253.2256
39,8,41.15513,0.123669,81.437,255.6102
39,9,41.18077,0.1191,83.2934,258.3483
39,10,41.20641,0.120677,83.5557,270.7979
39,11,41.23205,0.123938,81.6113,258.1069
39,12,41.25769,0.122436,83.7387,262.9619
39,13,41.28333,0.123132,83.0244,270.8562
39,14,41.30897,0.124352,76.9015,260.5747
39,15,41.33462,0.121503,83.8909,271.7102
39,16,41.36026,0.12324,79.6536,263.4786
39,17,41.3859,0.121554,81.61,257.8307
39,18,41.41154,0.121269,81.3201,276.3223
39,19,41.43718,0.122827,81.4589,265.2514
39,20,41.46282,0.124927,79.3443,257.7399
39,21,41.48846,0.119104,84.3645,252.3801
39,22,41.5141,0.120997,83.8455,255.6816
39,23,41.53974,0.120228,80.2494,254.6705
39,24,41.56538,0.121865,80.8316,257.9101
39,25,41.59103,0.123648,82.1126,265.2746
39,26,41.61667,0.127213,79.1205,263.5698
39,27,41.64231,0.118956,84.2481,269.7327
39,28,41.66795,0.118688,84.3017,264.8717
39,29,41.69359,0.124383,80.7084,265.3827
39,30,41.71923,0.121601,79.3943,274.7022
39,31,41.74487,0.118714,81.0747,251.3307
39,32,41.77051,0.121883,81.066,279.7694
39,33,41.79615,0.125295,86.5439,262.5979
39,34,41.82179,0.129053,83.1755,260.4935
39,35,41.84744,0.124059,80.0176,258.2305
39,36,41.87308,0.123363,80.8894,267.5195
39,37,41.89872,0.116716,83.4134,263.8357
39,38,41.92436,0.120942,82.9282,264.0063
39,39,41.95,0.122392,82.9266,264.511
40,0,42.0,0.142244,89.2683,253.563
40,1,42.02564,0.145379,91.394,250.7724
40,2,42.05128,0.145041,95.2377,257.626
40,3,42.07692,0.148027,89.5509,261.3173
40,4,42.10256,0.147067,91.2035,253.0844
40,5,42.12821,0.148719,95.2299,268.0987
40,6,42.15385,0.150213,88.4785,256.3648
40,7,42.17949,0.151665,88.664,250.1646
40,8,42.20513,0.149467,90.9521,258.7781
40,9,42.23077,0.146019,88.7542,251.6524
40,10,42.25641,0.147097,88.2699,243.7965
40,11,42.28205,0.153005,88.9145,242.3141
40,12,42.30769,0.151167,91.3293,249.1393
40,13,42.33333,0.146178,90.2211,258.4357
40,14,42.35897,0.145576,85.461,249.3347
40,15,42.38462,0.151567,85.171,260.9204
40,16,42.41026,0.14065,90.3809,254.6165
40,17,42.4359,0.144521,85.7971,247.8727
40,18,42.46154,0.148557,86.256,249.9473
40,19,42.48718,0.151611,85.0338,259.0554
40,20,42.51282,0.150156,91.8736,255.2076
40,21,42.53846,0.146785,90.1694,249.0207
40,22,42.5641,0.147776,90.3889,250.0473
40,23,42.58974,0.146106,89.9902,245.3612
40,24,42.61538,0.141117,88.0575,248.5648
40,25,42.64103,0.148689,88.6403,254.136
40,26,42.66667,0.142492,89.1614,251.2953
40,27,42.69231,0.141877,88.6801,259.5677
40,28,42.71795,0.14879,89.4162,254.5899
40,29,42.74359,0.148891,85.6708,254.7524
40,30,42.76923,0.142237,90.8409,268.8177
40,31,42.79487,0.143106,87.3579,259.7556
40,32,42.82051,0.146747,91.4529,248.4956
40,33,42.84615,0.148604,87.3384,247.2734
40,34,42.87179,0.142686,89.7496,252.2333
40,35,42.89744,0.152131,89.951,254.1162
40,36,42.92308,0.147189,92.3307,245.9422
40,37,42.94872,0.148374,87.7297,249.1497
40,38,42.97436,0.143987,87.3454,249.9974
40,39,43.0,0.147795,89.1244,259.1859
41,0,43.05,0.006511,87.2857,124.573
41,1,43.07564,0.012103,86.1421,127.6789
41,2,43.10128,0.003538,85.9719,121.7501
41,3,43.12692,0.008688,83.8877,122.6076
41,4,43.15256,0.0062,85.5393,126.5615
41,5,43.17821,0.011539,85.7531,131.5048
41,6,43.20385,0.009792,81.6253,132.6673
41,7,43.22949,0.015861,86.9276,139.769
41,8,43.25513,0.010633,83.0726,129.3226
41,9,43.28077,0.010474,83.9776,126.8054
41,10,43.30641,0.007627,83.8923,132.6396
41,11,43.33205,0.01142,85.1281,121.3758
41,12,43.35769,0.01395,84.8953,127.1468
41,13,43.38333,0.011573,87.6097,128.9262
41,14,43.40897,0.009396,85.8361,132.2822
41,15,43.43462,0.004113,84.3555,133.1743
41,16,43.46026,0.004508,82.9106,130.6569
41,17,43.4859,0.010632,84.7938,135.5964
41,18,43.51154,0.010228,83.696,129.0261
41,19,43.53718,0.009409,85.2317,126.9622
41,20,43.56282,0.008212,86.9503,116.6774
41,21,43.58846,0.012933,86.3068,125.2586
41,22,43.6141,0.007036,85.8322,120.0374
41,23,43.63974,0.00916,83.3335,116.6437
41,24,43.66538,0.017483,84.1702,134.4133
41,25,43.69103,0.013607,83.1786,127.8443
41,26,43.71667,0.010634,86.4138,131.6326
41,27,43.74231,0.009619,85.9561,126.7302
41,28,43.76795,0.010968,90.5828,130.4937
41,29,43.79359,0.016772,88.7683,115.7299
41,30,43.81923,0.008713,85.8807,127.3594
41,31,43.84487,0.008858,84.6197,136.0377
41,32,43.87051,0.011494,86.1893,118.3017
41,33,43.89615,0.008118,85.979,116.5034
41,34,43.92179,0.013172,85.4545,117.4684
41,35,43.94744,0.010797,84.0707,116.9571
41,36,43.97308,0.011757,84.7955,114.0283
41,37,43.99872,0.009021,86.3509,119.4411
41,38,44.02436,0.013848,83.7459,131.2419
41,39,44.05,0.009718,85.7226,130.0009
42,0,44.1,0.141652,88.8566,163.4731
42,1,44.12564,0.139142,93.213,156.1649
42,2,44.15128,0.140292,86.7177,177.1978
42,3,44.17692,0.141785,90.7586,168.592
42,4,44.20256,0.135696,91.1505,169.1261
42,5,44.22821,0.13369,89.3059,155.3618
42,6,44.25385,0.140503,84.593,165.3489
42,7,44.27949,0.140796,83.5827,169.4845
42,8,44.30513,0.139792,84.8632,166.7172
42,9,44.33077,0.141486,88.4925,154.0907
42,10,44.35641,0.137071,90.6793,166.2097
42,11,44.38205,0.13856,88.5548,154.8025
42,12,44.40769,0.139477,85.7013,152.6597
42,13,44.43333,0.141701,89.1161,157.0884
42,14,44.45897,0.134162,88.1469,157.4758
42,15,44.48462,0.1393,89.1522,176.5476
42,16,44.51026,0.137214,88.6819,166.4423
42,17,44.5359,0.138851,84.9712,165.4935
42,18,44.56154,0.14093,86.3803,160.3665
42,19,44.58718,0.140527,88.9614,177.396
42,20,44.61282,0.136218,91.6379,158.5652
42,21,44.63846,0.138459,87.1689,159.7086
42,22,44.6641,0.133096,89.9901,153.2887
42,23,44.68974,0.137484,86.5623,144.1008
42,24,44.71538,0.138953,88.1407,163.4276
42,25,44.74103,0.136269,87.2397,157.0895
42,26,44.76667,0.137948,87.7996,171.5239
42,27,44.79231,0.139692,88.9453,170.4892
42,28,44.81795,0.138528,87.4711,177.0418
42,29,44.84359,0.14245,88.836,163.2394
42,30,44.86923,0.137093,92.3572,156.3431
42,31,44.89487,0.143018,86.9803,168.1531
42,32,44.92051,0.138253,89.8901,161.9413
42,33,44.94615,0.140318,87.2655,160.9824
42,34,44.97179,0.13924,88.2672,168.6005
42,35,44.99744,0.13479,89.2003,165.7744
42,36,45.02308,0.142113,91.1442,153.6817
42,37,45.04872,0.140488,88.893,166.468
42,38,45.07436,0.137896,87.4817,159.3214
42,39,45.1,0.141018,87.0655,170.3706
43,0,45.15,0.096823,89.0184,156.9532
43,1,45.17564,0.093025,85.3353,142.519
43,2,45.20128,0.098642,92.1945,153.4415
43,3,45.22692,0.097051,88.6542,143.7342
43,4,45.25256,0.097339,91.1322,156.2792
43,5,45.27821,0.101447,87.9912,141.6781
43,6,45.30385,0.101703,88.505,152.4842
43,7,45.32949,0.099182,90.0554,142.6342
43,8,45.35513,0.098332,87.7151,144.9939
43,9,45.38077,0.099023,86.0703,147.3036
43,10,45.40641,0.104199,90.776,137.7897
43,11,45.43205,0.106256,90.1785,137.7493
43,12,45.45769,0.098677,90.5884,146.2751
43,13,45.48333,0.099199,85.9887,134.5799
43,14,45.50897,0.096462,91.7177,155.0137
43,15,45.53462,0.094601,91.0503,146.8388
43,16,45.56026,0.099145,88.0797,152.6154
43,17,45.5859,0.099335,87.1438,158.2136
43,18,45.61154,0.098093,91.9399,157.0932
43,19,45.63718,0.100289,88.9053,145.5197
43,20,45.66282,0.092851,86.5499,148.5355
43,21,45.68846,0.096826,88.2969,149.8953
43,22,45.7141,0.096409,92.2246,142.5541
43,23,45.73974,0.094838,87.8946,139.1911
43,24,45.76538,0.098759,89.2833,137.7303
43,25,45.79103,0.094378,89.8377,146.7746
43,26,45.81667,0.096997,87.9628,145.7715
43,27,45.84231,0.100866,86.0054,156.356
43,28,45.86795,0.098145,91.1141,149.0685
43,29,45.89359,0.095938,88.5378,139.3677
43,30,45.91923,0.097252,83.1936,142.8425
43,31,45.94487,0.100529,87.4814,134.2194
43,32,45.97051,0.099382,90.2071,148.3374
43,33,45.99615,0.095018,89.8138,149.7948
43,34,46.02179,0.097143,91.8576,150.7421
43,35,46.04744,0.099158,88.4209,140.3101
43,36,46.07308,0.100326,89.7162,147.6862
43,37,46.09872,0.096956,86.9327,132.6699
43,38,46.12436,0.099338,89.0801,157.4044
43,39,46.15,0.101678,91.0,152.6697
44,0,46.2,0.02533,79.1206,198.5817
44,1,46.22564,0.021169,84.2457,203.0986
44,2,46.25128,0.021303,79.8861,194.6565
44,3,46.27692,0.027523,77.4322,195.659
44,4,46.30256,0.019594,81.993,193.7203
44,5,46.32821,0.027214,80.6238,201.2648
44,6,46.35385,0.02182,79.0993,202.2676
44,7,46.37949,0.023589,81.8925,206.5933
44,8,46.40513,0.025828,82.8116,197.3818
44,9,46.43077,0.017502,84.3549,196.5594
44,10,46.45641,0.020703,82.3931,199.5869
44,11,46.48205,0.021342,84.0523,184.0802
44,12,46.50769,0.021121,76.9214,193.0787
44,13,46.53333,0.0258,83.3991,196.0665
44,14,46.55897,0.016434,81.5633,204.5157
44,15,46.58462,0.018307,84.3304,200.766
44,16,46.61026,0.019378,83.3606,201.4197
44,17,46.6359,0.02377,79.1031,203.5228
44,18,46.66154,0.023749,81.3894,198.3967
44,19,46.68718,0.021949,79.0716,198.8209
44,20,46.71282,0.020644,78.2029,185.0179
44,21,46.73846,0.019625,79.6865,187.2118
44,22,46.7641,0.022731,81.4614,198.3888
44,23,46.78974,0.022522,82.1485,197.8947
44,24,46.81538,0.020798,79.4164,194.2861
44,25,46.84103,0.013059,84.9709,201.2074
44,26,46.86667,0.02318,82.9756,187.0041
44,27,46.89231,0.023042,79.874,203.9474
44,28,46.91795,0.020986,81.3415,201.4617
44,29,46.94359,0.024617,80.2416,198.4579
44,30,46.96923,0.022331,81.7376,210.2517
44,31,46.99487,0.020696,83.1507,197.0041
44,32,47.02051,0.022933,83.5309,191.6337
44,33,47.04615,0.021465,82.5053,198.4781
44,34,47.07179,0.022642,81.4634,190.4794
44,35,47.09744,0.022171,80.1739,198.1129
44,36,47.12308,0.025381,77.2833,200.3824
44,37,47.14872,0.021509,79.7271,190.4951
44,38,47.17436,0.021327,83.6959,194.8426
44,39,47.2,0.021508,77.205,207.9923
